symbol	phenotype	FLAMES_scaled	FLAMES_scaled_with_path	XGB_scaled	weighted_cS2G_score	Overall L2G score	L2G_best	FLAMES_causal	FLAMES_causal_path	FLAMES_raw_path	rel_PoPS_Score	rel_PoPS_path	rel_weighted_distance	rel_MAGMA_Z	TP	filename
RALGPS2	Test_female	0.011736387260828946	0.007384796693582072	0.021531517	1.0	0.010754651390016	0	0	0	0.010038492866494981	0.2106096937558831	0.13189344165446473	0.5094960135112905	0.0	0	FLAMES_annotated_GCST011519-1_179285849_G_A_credset.cred1
FAM20B	Test_female	0.028644076299051816	0.018062571818598404	0.04925662	1.0	0.0122400177642703	0	0	0	0.024553282354967815	0.2522706469963036	0.16955001437286266	0.7239808955616727	0.5650160788019865	0	FLAMES_annotated_GCST011519-1_179285849_G_A_credset.cred1
TOR3A	Test_female	0.04784651292193662	0.03322482934398124	0.03912914	1.0	0.0158623531460762	0	0	0	0.045164034461494154	0.985243193359928	0.9351521719989424	0.7534011274031344	0.7757847533632288	0	FLAMES_annotated_GCST011519-1_179285849_G_A_credset.cred1
ABL2	Test_female	0.07553918329646851	0.055179110830613526	0.07843256	0.982	0.0326814614236354	0	0	0	0.07500749627055306	0.6884288562880967	0.7041020568908651	0.9338911858570128	0.5857440965108683	0	FLAMES_annotated_GCST011519-1_179285849_G_A_credset.cred1
SOAT1	Test_female	0.6107973851756312	0.7456641780204857	0.5292834	1.0	0.5371788740158081	1	1	1	1.0136155188083649	0.9066301544132903	1.0	1.0	0.9326022288327488	1	FLAMES_annotated_GCST011519-1_179285849_G_A_credset.cred1
AXDND1	Test_female	0.06691004498269443	0.0398371550232656	0.058167472	1.0	0.0351642072200775	0	0	0	0.054152472047071125	0.9023916043338256	0.6744985967433549	0.9013933518309334	1.0	0	FLAMES_annotated_GCST011519-1_179285849_G_A_credset.cred1
NPHS2	Test_female	0.017279328242315796	0.019801670590966828	0.02618815	1.0	0.0107594765722751	0	0	0	0.026917319084065968	0.3417549687437476	0.7875938100975308	0.6480306087757587	0.7417243325870063	0	FLAMES_annotated_GCST011519-1_179285849_G_A_credset.cred1
TDRD5	Test_female	0.006583243146500794	0.004741358007684764	0.01824508	1.0	0.0115026282146573	0	0	0	0.006445145413279533	0.0	0.0	0.5917235120581688	0.37167720615751515	0	FLAMES_annotated_GCST011519-1_179285849_G_A_credset.cred1
FAM163A	Test_female	0.035449306507137804	0.013845258693917336	0.018122394	1.0	0.0112056881189346	0	0	0	0.01882049518769493	1.0	0.8000605444366072	0.383968228726846	0.5716378812769168	0	FLAMES_annotated_GCST011519-1_179285849_G_A_credset.cred1
FNDC3B	IGF1	0.3177528418711247	0.186874193233151	0.10862314	0.798	0.0230850055813789	0	0	0	0.19863174110651016	1.0	1.0	0.9274748320175294	1.0	0	FLAMES_annotated_GCST011520-3_172447937_C_T_credset.cred1
GHSR	IGF1	0.4516122651947438	0.6704183178900638	0.6273702	1.0	0.7959502339363098	1	1	1	0.7125989707206817	0.13777291142806689	0.8051077194661364	1.0	0.998338441503037	1	FLAMES_annotated_GCST011520-3_172447937_C_T_credset.cred1
TNFSF10	IGF1	0.05537037249264404	0.03915534372723326	0.05813553	0.502	0.0348742492496967	0	0	0	0.04161887719007157	0.31554541881319437	0.4628970726743138	0.9097651615249219	0.8200464787309286	0	FLAMES_annotated_GCST011520-3_172447937_C_T_credset.cred1
NCEH1	IGF1	0.0269981308061692	0.016843353473752907	0.027331179	1.0	0.0167862772941589	0	0	0	0.017903085325376114	0.34258612829812773	0.3884937769251881	0.7142503365918876	0.36724933481526395	0	FLAMES_annotated_GCST011520-3_172447937_C_T_credset.cred1
ECT2	IGF1	0.027564217558686738	0.014301196430537037	0.026017986	1.0	0.0132750859484076	0	0	0	0.015200983601623664	0.3973235931117267	0.30193430149262357	0.5254877251717441	0.24944708272989569	0	FLAMES_annotated_GCST011520-3_172447937_C_T_credset.cred1
TMPRSS11F	Test_male	0.02127301225127781	0.0190955068157094	0.05425791	1.0	0.0068768179044127	0	0	0	0.019511464834213257	0.0	0.0	0.34123280636251335	0.0	0	FLAMES_annotated_GCST011518-4_68625566_A_T_credset.cred1
TMPRSS11B	Test_male	0.023609270276514462	0.021407036939322714	0.05425791	0.0	0.0072259977459907	0	0	0	0.021873347090357514	0.045294076563109575	0.04992498711895739	0.5020167390731051	0.014875506551422203	0	FLAMES_annotated_GCST011518-4_68625566_A_T_credset.cred1
TMPRSS11B	Test_male	0.02667655403948106	0.0243171274508708	0.062214375	0.0	0.0067876875400543	0	0	0	0.021873347090357514	0.045294076563109575	0.04992498711895739	0.3985630329177566	0.014875506551422203	0	FLAMES_annotated_GCST011518-4_68672462_G_A_credset.cred1
YTHDC1	Test_male	0.031012578052315196	0.028030290164830354	0.05425791	0.0	0.0072343284264206	0	0	0	0.02864087484674406	0.18882530710750423	0.19297561350198217	0.6468791205740697	0.4517888746523598	0	FLAMES_annotated_GCST011518-4_68625566_A_T_credset.cred1
YTHDC1	Test_male	0.035041689329093045	0.03184075126114279	0.062214375	0.0	0.006479064002633	0	0	0	0.02864087484674406	0.18882530710750423	0.19297561350198217	0.5462923644846055	0.4517888746523598	0	FLAMES_annotated_GCST011518-4_68672462_G_A_credset.cred1
TMPRSS11E	Test_male	0.03479886293294239	0.03169882253137044	0.07627731	0.0	0.0363210290670394	0	0	0	0.032389318967851875	0.06747351343948647	0.07457093939058494	0.8516274098852138	1.0	0	FLAMES_annotated_GCST011518-4_68625566_A_T_credset.cred1
TMPRSS11E	Test_male	0.038082799801947814	0.03487510265267979	0.08471098	0.0	0.0151307918131351	0	0	0	0.031370285272185626	0.06747351343948647	0.07457093939058494	0.7550927970468005	1.0	0	FLAMES_annotated_GCST011518-4_68672462_G_A_credset.cred1
UGT2B17	Test_male	0.13199776159660753	0.12487946455221667	0.10951865	0.0	0.4547576606273651	0	0	0	0.12759971781013119	0.855403944226296	0.9238104867472672	0.9500673171679598	0.21177241931958915	0	FLAMES_annotated_GCST011518-4_68625566_A_T_credset.cred1
UGT2B17	Test_male	0.07620147936834777	0.07247636642920176	0.06416016	0.0	0.0308855194598436	0	0	0	0.06519276267136132	0.855403944226296	0.9238104867472672	0.8554809140424182	0.21177241931958915	0	FLAMES_annotated_GCST011518-4_68672462_G_A_credset.cred1
UGT2B15	Test_male	0.24747869924052351	0.367150657082159	0.19243236	0.0	0.5976789593696594	1	1	1	0.37514831125736237	0.9404010685468215	1.0	1.0	0.832532707116503	1	FLAMES_annotated_GCST011518-4_68625566_A_T_credset.cred1
UGT2B15	Test_male	0.25395907308130466	0.37877278917945795	0.20039392	0.0	0.8628225922584534	1	1	1	0.34070754051208496	0.9404010685468215	1.0	1.0	0.832532707116503	1	FLAMES_annotated_GCST011518-4_68672462_G_A_credset.cred1
UGT2B10	Test_male	0.07011615256971629	0.06109137230493388	0.05425791	0.0	0.0248205866664648	0	0	0	0.06242212756672857	0.9469437506251519	0.9070368685120401	0.7649270615015198	0.4203351917003416	0	FLAMES_annotated_GCST011518-4_68625566_A_T_credset.cred1
UGT2B10	Test_male	0.07922554620111194	0.06939618456764698	0.062214375	0.0	0.0238839499652385	0	0	0	0.06242212756672857	0.9469437506251519	0.9070368685120401	0.7994346683878566	0.4203351917003416	0	FLAMES_annotated_GCST011518-4_68672462_G_A_credset.cred1
UGT2A3	Test_male	0.06739282009499978	0.06259795429257649	0.05425791	0.0	0.0088855708017945	0	0	0	0.06396152747663642	0.8941452889297838	0.9395763909226357	0.6088206309770011	0.25962429847002544	0	FLAMES_annotated_GCST011518-4_68625566_A_T_credset.cred1
UGT2A3	Test_male	0.07614840213531177	0.07110757257115881	0.062214375	0.0	0.0076810014434158	0	0	0	0.06396152747663642	0.8941452889297838	0.9395763909226357	0.6402387584785587	0.25962429847002544	0	FLAMES_annotated_GCST011518-4_68672462_G_A_credset.cred1
UGT2B7	Test_male	0.1418254860660999	0.07858228420292092	0.06672526	0.0	0.0070984307676553	0	0	0	0.0802940445422518	1.0	0.9676873802261133	0.4382375393840132	0.8720997833095503	0	FLAMES_annotated_GCST011518-4_68625566_A_T_credset.cred1
UGT2B7	Test_male	0.16025125719288194	0.08926482566267001	0.07650996	0.0	0.0068055037409067	0	0	0	0.0802940445422518	1.0	0.9676873802261133	0.46627968203281583	0.8720997833095503	0	FLAMES_annotated_GCST011518-4_68672462_G_A_credset.cred1
SCGN	Urate	0.014813055500356938	0.013981055348105698	0.026203262	0.0	0.016443733125925	0	0	0	0.02145122520263548	0.27357735622879825	0.043459200418523504	0.8555572274735647	0.6769976905311779	0	FLAMES_annotated_GCST011521-6_25807375_A_G_credset.cred1
SLC17A4	Urate	0.06662043869719678	0.06437339372418574	0.072722875	0.0	0.0469251945614814	0	0	0	0.09876852150667775	0.6992397132141183	0.34389739808345693	0.9641820445125371	0.564378752886836	0	FLAMES_annotated_GCST011521-6_25807375_A_G_credset.cred1
SLC17A1	Urate	0.48151079795432833	0.3986724027184848	0.26133493	0.0	0.7543954849243164	1	1	1	0.6116856903759215	1.0	0.6715218882779084	1.0	0.7038337182448037	1	FLAMES_annotated_GCST011521-6_25807375_A_G_credset.cred1
SLC17A3	Urate	0.04098715812553434	0.09989485655639735	0.038174167	0.0	0.0663440003991127	0	0	0	0.15326933562755585	0.8904893116578525	1.0	0.964856435440406	0.6852655889145497	0	FLAMES_annotated_GCST011521-6_25807375_A_G_credset.cred1
SLC17A2	Urate	0.011839861477104462	0.012095080222785505	0.018002512	0.0	0.0180988572537899	0	0	0	0.018557561159935468	0.3856619437515297	0.16162065762627706	0.8558485971847941	0.564378752886836	0	FLAMES_annotated_GCST011521-6_25807375_A_G_credset.cred1
TRIM38	Urate	0.039640096126358694	0.04004365215889905	0.05290343	0.0	0.0287878811359405	0	0	0	0.061439238956516144	0.4968345679045357	0.23430207057627708	0.7873862905763102	0.564378752886836	0	FLAMES_annotated_GCST011521-6_25807375_A_G_credset.cred1
HFE	Urate	0.008670390581398145	0.009361518077549369	0.015219808	0.0	0.0051020057871937	0	0	0	0.014363438776262576	0.2788738541131965	0.11311722535576757	0.6171073690546216	0.6851639722863742	0	FLAMES_annotated_GCST011521-6_25807375_A_G_credset.cred1
NR2E1	IGF1	0.008743726375707138	0.019832157514881505	0.026099402	0.0	0.0124566964805126	0	0	0	0.02421210897885758	0.05452094449893422	0.6560490229392395	0.33884330659233386	0.7159294110749568	0	FLAMES_annotated_GCST011520-6_108666981_G_A_credset.cred1
SNX3	IGF1	0.013732240010629778	0.015685312282616732	0.026581999	0.0	0.0099364425987005	0	0	0	0.019149428904503073	0.3076135909181103	0.4172911995140967	0.4390197363508906	0.728021575352505	0	FLAMES_annotated_GCST011520-6_108666981_G_A_credset.cred1
FOXO3	IGF1	0.7870087991400142	0.7801137366356301	0.49061024	0.0	0.690147340297699	1	1	1	0.9524026215076447	1.0	1.0	1.0	1.0	1	FLAMES_annotated_GCST011520-6_108666981_G_A_credset.cred1
ARMC2	IGF1	0.017064759303852376	0.018017156091616176	0.056103483	0.0	0.0543736070394516	0	0	0	0.021996262708783	0.011521002096135848	0.03913821390351553	0.7491337520083403	0.29628001055316155	0	FLAMES_annotated_GCST011520-6_108666981_G_A_credset.cred1
SESN1	IGF1	0.04278270008050036	0.03529123021655506	0.05791734	0.0	0.0176590643823146	0	0	0	0.04308533306878025	0.6171604287924957	0.44438057871565645	0.5582951022767182	0.25009527159733824	0	FLAMES_annotated_GCST011520-6_108666981_G_A_credset.cred1
CEP57L1	IGF1	0.02702398986984882	0.023010070899893258	0.059092827	0.0	0.0153237851336598	0	0	0	0.02809186765592225	0.22498137083985997	0.13510265577702907	0.40803529701313823	0.1363996130507431	0	FLAMES_annotated_GCST011520-6_108666981_G_A_credset.cred1
CEP85L	Test_female	0.021472448319101358	0.018895416073407556	0.03158539	0.0	0.0480137281119823	0	0	0	0.022077333937082572	0.5263243266981149	0.38219799285354566	0.755499720826354	0.04015426903208844	0	FLAMES_annotated_GCST011519-6_118837066_C_T_credset.cred1
PLN	Test_female	0.007507580285547563	0.007474932308430334	0.022603637	0.0	0.0110975531861186	0	0	0	0.00873368313717918	0.04621707519195571	0.02683125308001428	0.4679604921157512	0.05104174265646099	0	FLAMES_annotated_GCST011519-6_118837066_C_T_credset.cred1
MCM9	Test_female	0.4095786854138833	0.3980455067070683	0.5387082	0.0	0.701635479927063	1	0	0	0.46507489115810824	0.6374516599419908	0.5690302346484598	1.0	0.8568661969407713	1	FLAMES_annotated_GCST011519-6_118837066_C_T_credset.cred1
ASF1A	Test_female	0.49897543949852585	0.5187310043333395	0.30816823	0.0	0.637553334236145	0	1	1	0.6060833781957626	1.0	1.0	0.8899574500856774	0.9066787975053783	0	FLAMES_annotated_GCST011519-6_118837066_C_T_credset.cred1
FAM184A	Test_female	0.04017875726408681	0.035654553514975075	0.048445184	0.0	0.0323577970266342	0	0	0	0.04165864785774637	0.7328258053496839	0.5651628304679449	0.7637632607481853	1.0	0	FLAMES_annotated_GCST011519-6_118837066_C_T_credset.cred1
MAN1A1	Test_female	0.013277093760119584	0.011831865530261013	0.020322366	0.0	0.012222752906382	0	0	0	0.013824307726033675	0.4897338447167149	0.3609138464726942	0.34510675985290434	0.184526849115582	0	FLAMES_annotated_GCST011519-6_118837066_C_T_credset.cred1
KPNA7	Test_female	0.008125418075309344	0.008156274598843922	0.011205819	0.0	0.009353844448924	0	0	0	0.010303893352365449	0.17186746651807872	0.1544521745648801	0.2949779083547436	0.2754412558127585	0	FLAMES_annotated_GCST011519-7_99735325_T_G_credset.cred1
ARPC1A	Test_female	0.023563838635719533	0.024039795085732948	0.017561864	0.0	0.0093254279345273	0	0	0	0.030369684317791485	0.6687726743056853	0.6536860873024736	0.5363466684836995	0.8500115612876705	0	FLAMES_annotated_GCST011519-7_99735325_T_G_credset.cred1
ARPC1B	Test_female	0.020561171370725575	0.020906811990612926	0.0168127	0.0	0.0091588720679283	0	0	0	0.026411759250940966	0.573036961691049	0.5560590064062021	0.5452140558176447	0.8171132749274208	0	FLAMES_annotated_GCST011519-7_99735325_T_G_credset.cred1
PDAP1	Test_female	0.01437741308520562	0.01403193447148891	0.017654235	0.0	0.0101521480828523	0	0	0	0.01772666608626634	0.2438115443914487	0.2066021468230331	0.5639562148534416	0.8736222798859286	0	FLAMES_annotated_GCST011519-7_99735325_T_G_credset.cred1
BUD31	Test_female	0.01710630347447807	0.016759452736695504	0.017654235	0.0	0.0091421660035848	0	0	0	0.021172363871539663	0.36836869080977314	0.3269290908343178	0.578368224371487	0.8749325591552553	0	FLAMES_annotated_GCST011519-7_99735325_T_G_credset.cred1
PTCD1	Test_female	0.01467203653479069	0.014763119585601439	0.018028522	0.0	0.0091395741328597	0	0	0	0.01865037866427598	0.24335594460783738	0.22533769105662996	0.6405588444740158	0.784805898825887	0	FLAMES_annotated_GCST011519-7_99735325_T_G_credset.cred1
CPSF4	Test_female	0.014468176371705666	0.015020458148650523	0.018028522	0.0	0.0096462257206439	0	0	0	0.01897547673165647	0.23424415552370725	0.2364547222722204	0.6288109257114151	0.784805898825887	0	FLAMES_annotated_GCST011519-7_99735325_T_G_credset.cred1
ZNF789	Test_female	0.020954765331761632	0.02093943409983317	0.026210552	0.0	0.0103680584579706	0	0	0	0.02645297104809922	0.23179637071403036	0.2097747359676108	0.6906421474121311	0.784805898825887	0	FLAMES_annotated_GCST011519-7_99735325_T_G_credset.cred1
ZNF394	Test_female	0.014856326531026852	0.015025884994115021	0.019127285	0.0	0.0095191448926925	0	0	0	0.01898233251320579	0.21344841461436287	0.19940070493253886	0.686198433343621	0.784805898825887	0	FLAMES_annotated_GCST011519-7_99735325_T_G_credset.cred1
ZKSCAN5	Test_female	0.026950857268504144	0.026996828698475004	0.031148301	0.0	0.0093066403642296	0	0	0	0.03410533085786417	0.2847903142119444	0.26259968601563755	0.732126609777507	0.784805898825887	0	FLAMES_annotated_GCST011519-7_99735325_T_G_credset.cred1
FAM200A	Test_female	0.021876230387687982	0.021532124727649374	0.022804806	0.0	0.0136240264400839	0	0	0	0.02720172232491748	0.3605671136749851	0.32293837554437566	0.763972781917317	0.784805898825887	0	FLAMES_annotated_GCST011519-7_99735325_T_G_credset.cred1
ZNF655	Test_female	0.022773259067891113	0.022763642598080554	0.025999794	0.0	0.0177496448159217	0	0	0	0.028757509669332503	0.29337885122227836	0.26946317862709696	0.787910853163708	0.9136371811011484	0	FLAMES_annotated_GCST011519-7_99735325_T_G_credset.cred1
ZSCAN25	Test_female	0.014286452489207783	0.014575947643241285	0.01915549	0.0	0.016199367120862	0	0	0	0.018413922705215028	0.1885542005784597	0.1802061238317061	0.8626683928478383	0.3450530534645326	0	FLAMES_annotated_GCST011519-7_99735325_T_G_credset.cred1
CYP3A5	Test_female	0.10334071128513374	0.10691995956696944	0.037243906	0.0	0.018961202353239	0	1	1	0.13507292419672012	1.0	1.0	0.9262525167908529	0.8978752922436606	1	FLAMES_annotated_GCST011519-7_99735325_T_G_credset.cred1
CYP3A7	Test_female	0.0840587073624652	0.08179566624581527	0.06492704	0.0	0.4335227012634277	1	0	0	0.10333318373096709	0.6308209418604119	0.5687508183332127	1.0	0.35869537291575676	1	FLAMES_annotated_GCST011519-7_99735325_T_G_credset.cred1
CYP3A4	Test_female	0.03538158977620694	0.04183115306411753	0.027199354	0.0	0.0227170623838901	0	0	0	0.052845663146289336	0.6357852016012252	0.7853734929211462	0.9712387754802111	0.6017136397502761	1	FLAMES_annotated_GCST011519-7_99735325_T_G_credset.cred1
CYP3A43	Test_female	0.03195638698550434	0.030616081828276305	0.026920255	0.0	0.020341582596302	0	0	0	0.03867756513133669	0.5441255806420713	0.47332748526551205	0.8763362205450297	0.8653752280142846	0	FLAMES_annotated_GCST011519-7_99735325_T_G_credset.cred1
OR2AE1	Test_female	0.018891989405615397	0.01891519662992536	0.024783991	0.0	0.0136664602905511	0	0	0	0.023895734069742894	0.20181030833055438	0.18197732807103215	0.8122403880968319	0.8183207871952316	0	FLAMES_annotated_GCST011519-7_99735325_T_G_credset.cred1
TRIM4	Test_female	0.02158723258973844	0.021356106219180996	0.023929164	0.0	0.0144177237525582	0	0	0	0.026979356596873248	0.3145144775214719	0.282656767196776	0.8109430801111062	0.9254168486498985	0	FLAMES_annotated_GCST011519-7_99735325_T_G_credset.cred1
GJC3	Test_female	0.020455241843392712	0.02015940536878937	0.022804806	0.0	0.0118859373033046	0	0	0	0.025467553899736477	0.31035649047721153	0.2760570963805647	0.7490691046971635	0.7342959175808648	0	FLAMES_annotated_GCST011519-7_99735325_T_G_credset.cred1
AZGP1	Test_female	0.01801271659793214	0.017638437113588507	0.020079127	0.0	0.010619088076055	0	0	0	0.022282792556614174	0.3104499630213947	0.2717332679566539	0.6910162424028655	0.8842458186676257	0	FLAMES_annotated_GCST011519-7_99735325_T_G_credset.cred1
ZKSCAN1	Test_female	0.026703951683322735	0.025934201884575802	0.022637447	0.0	0.0099067315459251	0	0	0	0.03276290506884853	0.5381305488975461	0.47982670186487564	0.6257353304661625	1.0	0	FLAMES_annotated_GCST011519-7_99735325_T_G_credset.cred1
ZSCAN21	Test_female	0.013851399382724732	0.013723734408820737	0.0168127	0.0	0.0091118030250072	0	0	0	0.01733731423960643	0.25144757728387096	0.2233096991594657	0.5800610042045605	0.7897515607738355	0	FLAMES_annotated_GCST011519-7_99735325_T_G_credset.cred1
ZNF3	Test_female	0.017273825052439174	0.01676155292048599	0.0168127	0.0	0.0091588720679283	0	0	0	0.021175017052171983	0.41547934558956373	0.3640337820888281	0.5610008644266393	0.784805898825887	0	FLAMES_annotated_GCST011519-7_99735325_T_G_credset.cred1
COPS6	Test_female	0.008850450803662077	0.00847563979956676	0.011205819	0.0	0.0092303175479173	0	0	0	0.010707350216013876	0.2240043943691521	0.1766488574416596	0.5277050741977333	0.2902653957814146	0	FLAMES_annotated_GCST011519-7_99735325_T_G_credset.cred1
MCM7	Test_female	0.012651164497326863	0.011685613439773791	0.0168127	0.0	0.0093254279345273	0	0	0	0.014762538114823176	0.1939221055932868	0.12889566378169653	0.522662808144048	0.6323382062019886	0	FLAMES_annotated_GCST011519-7_99735325_T_G_credset.cred1
AP4M1	Test_female	0.017029748697943985	0.016982901273681787	0.0168127	0.0	0.0095934551209211	0	0	0	0.021454648371276232	0.4037811292940649	0.3742875360970597	0.5108774798823739	0.6968501914035402	0	FLAMES_annotated_GCST011519-7_99735325_T_G_credset.cred1
TAF6	Test_female	0.012344433900566892	0.011824530525966106	0.0168127	0.0	0.0093254279345273	0	0	0	0.01493803329017564	0.17922096475179525	0.13533086709613829	0.5035011282972132	0.6130437016673946	0	FLAMES_annotated_GCST011519-7_99735325_T_G_credset.cred1
CNPY4	Test_female	0.01638949651178414	0.01586708860281736	0.0168127	0.0	0.0094674201682209	0	0	0	0.02004503242192667	0.3730947948582844	0.32259856452203794	0.48674300876584725	0.8206587364797163	0	FLAMES_annotated_GCST011519-7_99735325_T_G_credset.cred1
MBLAC1	Test_female	0.01507689295863122	0.014951968229867284	0.0168127	0.0	0.0093254279345273	0	0	0	0.018888952815583965	0.3101836602651221	0.2802064747687689	0.4772824136608802	0.6756159597153354	0	FLAMES_annotated_GCST011519-7_99735325_T_G_credset.cred1
LAMTOR4	Test_female	0.015010875409229373	0.014890152871711264	0.0168127	0.0	0.009353844448924	0	0	0	0.01881086093058684	0.3070195373826508	0.27734293649150327	0.4476046564137918	0.7196901574904299	0	FLAMES_annotated_GCST011519-7_99735325_T_G_credset.cred1
GAL3ST4	Test_female	0.0102765850486686	0.010230701888162273	0.0168127	0.0	0.0101487413048744	0	0	0	0.012924535570493133	0.08011204700486342	0.06149825578563726	0.4337938709879982	0.6572078205688153	0	FLAMES_annotated_GCST011519-7_99735325_T_G_credset.cred1
GPC2	Test_female	0.015539853230264848	0.015111107775814153	0.017561864	0.0	0.0100435940548777	0	0	0	0.019089995201995627	0.3006005089816448	0.25771717005058103	0.41994968422374623	0.8454384297202169	0	FLAMES_annotated_GCST011519-7_99735325_T_G_credset.cred1
STAG3	Test_female	0.005735374331485481	0.005934021393871312	0.011205819	0.0	0.009353844448924	0	0	0	0.007496501356363296	0.0	0.0	0.40931870621919564	0.5100711661485496	0	FLAMES_annotated_GCST011519-7_99735325_T_G_credset.cred1
PVRIG	Test_female	0.013501619919833934	0.01345718769585601	0.0168127	0.0	0.009353844448924	0	0	0	0.017000583435545297	0.23468316818989582	0.21096217363545758	0.35497072038670735	0.7263314749633892	0	FLAMES_annotated_GCST011519-7_99735325_T_G_credset.cred1
HNF4G	Urate	0.9522846532231473	0.9570422356819941	0.85125226	0.0	0.8238193392753601	1	1	1	0.7720619738101959	1.0	1.0	1.0	1.0	1	FLAMES_annotated_GCST011521-8_75568115_T_C_credset.cred1
ARC	Test_female	0.006965368760260517	0.005948763968711322	0.015425589	0.0	0.0104180974885821	0	0	0	0.009301872715353965	0.0	0.0	0.5838559438949888	0.0	0	FLAMES_annotated_GCST011519-8_142915548_G_A_credset.cred1
PSCA	Test_female	0.023500547306587655	0.018308694285757182	0.023838129	0.0	0.0122390100732445	0	0	0	0.028628660462273293	0.4880070199796421	0.4089613843953327	0.6771826588040526	0.6120580883228187	0	FLAMES_annotated_GCST011519-8_142915548_G_A_credset.cred1
LY6K	Test_female	0.019437757118283102	0.015792866936225707	0.025141833	0.0	0.0130994189530611	0	0	0	0.024694749837774664	0.29371977856935166	0.2593530595575147	0.7082453457271647	0.7318295441018927	0	FLAMES_annotated_GCST011519-8_142915548_G_A_credset.cred1
THEM6	Test_female	0.024448767059197803	0.019005603259824717	0.025141833	0.0	0.0184784773737192	0	0	0	0.0297183924814054	0.4757634383965756	0.3960134803096883	0.7523373621604533	0.7351029639328652	0	FLAMES_annotated_GCST011519-8_142915548_G_A_credset.cred1
SLURP1	Test_female	0.00879472012297314	0.007820412712652894	0.015558021	0.0	0.0165742486715316	0	0	0	0.012228503940860147	0.10388581290791371	0.1251466929052688	0.7599411551830997	0.15097131293893584	0	FLAMES_annotated_GCST011519-8_142915548_G_A_credset.cred1
LYPD2	Test_female	0.021858751920074283	0.017103759677876317	0.022690201	0.0	0.0262241046875715	0	0	0	0.02674454665110442	0.4674724909520425	0.39372430193915575	0.7739771137476966	0.5431853350791572	0	FLAMES_annotated_GCST011519-8_142915548_G_A_credset.cred1
LYNX1	Test_female	0.026001490212511046	0.020214954239487905	0.025141833	0.0	0.0236069802194833	0	0	0	0.03160941201759529	0.5321719087491569	0.44745573925054327	0.8095945891608513	0.865837400309487	0	FLAMES_annotated_GCST011519-8_142915548_G_A_credset.cred1
LY6D	Test_female	0.03711667019274902	0.02797745654787763	0.029633295	0.0	0.0182645730674266	0	0	0	0.043747363498787516	0.7315976909842631	0.5972718828957374	0.8211971675732337	0.8627901440304726	0	FLAMES_annotated_GCST011519-8_142915548_G_A_credset.cred1
GML	Test_female	0.1743071432025411	0.12357676883346495	0.18753204	0.0	0.288265585899353	0	0	0	0.1932326413200466	0.4365300328268908	0.378032819437129	1.0	0.9684323294845851	0	FLAMES_annotated_GCST011519-8_142915548_G_A_credset.cred1
CYP11B1	Test_female	0.04386912300674628	0.042589698003052	0.036988925	0.0	0.0987359583377838	0	0	0	0.0665960108509021	0.6708350763597674	0.8189658804720223	0.9504976990345513	0.892738959647661	1	FLAMES_annotated_GCST011519-8_142915548_G_A_credset.cred1
CYP11B2	Test_female	0.3271890855034609	0.486933782057292	0.26070252	0.0	0.4547461569309234	1	1	1	0.7614012062549591	0.7338772972110481	1.0	1.0	1.0	1	FLAMES_annotated_GCST011519-8_142915548_G_A_credset.cred1
LY6E	Test_female	0.07705811759794783	0.037952332234379965	0.031478785	0.0	0.0286043882369995	0	0	0	0.05934472531635913	1.0	0.8769630055298075	0.857969631970317	0.9222830615402928	0	FLAMES_annotated_GCST011519-8_142915548_G_A_credset.cred1
ACTR1A	Test_female	0.009796373145154176	0.012069546123772496	0.016798796	0.0	0.0077866311185061	0	0	0	0.01435575459159193	0.022253103214507228	0.06344694433849177	0.5146067203971768	0.15294330132853903	0	FLAMES_annotated_GCST011519-10_102863296_C_G_credset.cred1
SUFU	Test_female	0.020118606270904883	0.017930704568290892	0.019360747	0.0	0.0069686872884631	0	0	0	0.02132713126053027	0.36214073033031485	0.20098865084036766	0.6907004575664036	0.25558521345414636	0	FLAMES_annotated_GCST011519-10_102863296_C_G_credset.cred1
TRIM8	Test_female	0.031107937453475003	0.029798387849880977	0.025825795	0.0	0.0097466008737683	0	0	0	0.03544278623331183	0.48541789202200447	0.3517940678738352	0.7241826334770605	0.7133493633049683	0	FLAMES_annotated_GCST011519-10_102863296_C_G_credset.cred1
ARL3	Test_female	0.019660439344568226	0.023789541648899556	0.021702724	0.0	0.0180287659168243	0	0	0	0.028295746853760864	0.2628196251992992	0.31359824963066546	0.799568684096101	0.5910840635978094	0	FLAMES_annotated_GCST011519-10_102863296_C_G_credset.cred1
SFXN2	Test_female	0.028007900702970948	0.027093183032291537	0.025825795	0.0	0.015240547247231	0	0	0	0.03222516263064667	0.3959436369324422	0.28241511497096233	0.8387223141363653	0.7031881628218631	0	FLAMES_annotated_GCST011519-10_102863296_C_G_credset.cred1
WBP1L	Test_female	0.04364507795387254	0.03927125554673477	0.033764273	0.0	0.02953976765275	0	0	0	0.04671000063724056	0.5510952685148063	0.35793941316962086	0.9366864869158086	0.7089650189988252	0	FLAMES_annotated_GCST011519-10_102863296_C_G_credset.cred1
CYP17A1	Test_female	0.11779914142034172	0.13257016156921714	0.039271675	0.0	0.0689778178930282	0	0	0	0.15768154710531235	1.0	1.0	0.9653183781768153	0.9124647735858421	1	FLAMES_annotated_GCST011519-10_102863296_C_G_credset.cred1
AS3MT	Test_female	0.04753403622792391	0.05283509019552608	0.05287831	0.0	0.1910616755485534	0	0	0	0.06284309127231058	0.25762815499747826	0.24936975488994564	0.9916267636633851	0.7979203317762936	0	FLAMES_annotated_GCST011519-10_102863296_C_G_credset.cred1
CNNM2	Test_female	0.029004500734430616	0.027467704565091892	0.025825795	0.0	0.0158597938716411	0	0	0	0.03267062587831254	0.42470782666035467	0.2920202701230074	0.9259641673947254	0.7972033949715155	0	FLAMES_annotated_GCST011519-10_102863296_C_G_credset.cred1
NT5C2	Test_female	0.03497068974628612	0.03304423405653672	0.028668776	0.0	0.1458270400762558	0	0	0	0.03930345929482999	0.4968136662845127	0.35099815424962744	0.6999540952798909	0.7125497030227157	0	FLAMES_annotated_GCST011519-10_102863296_C_G_credset.cred1
RPEL1	Test_female	0.0104695439937345	0.01261850903299716	0.016798796	0.0	0.0081871626898646	0	0	0	0.015008701829532673	0.05212288985783842	0.0850913747419552	0.48496384835018974	0.29299001251881956	0	FLAMES_annotated_GCST011519-10_102863296_C_G_credset.cred1
INA	Test_female	0.01018738037402331	0.012493461031038433	0.016798796	0.0	0.0103328321129083	0	0	0	0.01485996728642068	0.039602788669258884	0.08016100009757393	0.44286073907945556	0.2544546592619963	0	FLAMES_annotated_GCST011519-10_102863296_C_G_credset.cred1
PCGF6	Test_female	0.014295437662133375	0.015112581436907947	0.016798796	0.0	0.0067318473011255	0	0	0	0.01797520040346694	0.22188458946599035	0.18342730150176526	0.40835412058806503	0.3500140629911706	0	FLAMES_annotated_GCST011519-10_102863296_C_G_credset.cred1
BATF2	Urate	0.008472792179876358	0.00814157783816867	0.013588042	0.0	0.0048787016421556	0	0	0	0.01290760325383998	0.0978245535855293	0.08240507831214414	0.4191310722207991	0.9072886016111137	0	FLAMES_annotated_GCST011521-11_64561634_T_C_credset.cred1
BATF2	Urate	0.007149296416449564	0.0066269119766421344	0.011767749	0.0	0.0044793342240154	0	0	0	0.01290760325383998	0.0978245535855293	0.08240507831214414	0.46777226182585524	0.9072886016111137	0	FLAMES_annotated_GCST011521-11_64594483_T_G_credset.cred1
ARL2	Urate	0.015132924473527678	0.014884557709138187	0.013588042	0.0	0.0072370655834674	0	0	0	0.023597878609934963	0.4989153177674861	0.4922345791096199	0.3834730405114482	0.9387632048622835	0	FLAMES_annotated_GCST011521-11_64561634_T_C_credset.cred1
ARL2	Urate	0.012769080181850054	0.012115422306383818	0.011767749	0.0	0.0043657282367348	0	0	0	0.023597878609934963	0.4989153177674861	0.4922345791096199	0.4323724755502049	0.9387632048622835	0	FLAMES_annotated_GCST011521-11_64594483_T_G_credset.cred1
SNX15	Urate	0.011164521345726798	0.010930861964249094	0.014155949	0.0	0.0049648308195173	0	0	0	0.017329715721142537	0.23295404047253	0.2252812467548358	0.36535788836869615	0.8293980029906902	0	FLAMES_annotated_GCST011521-11_64561634_T_C_credset.cred1
SNX15	Urate	0.00942056299196802	0.008897275381475457	0.012259577	0.0	0.0043936921283602	0	0	0	0.017329715721142537	0.23295404047253	0.2252812467548358	0.4143885184032897	0.8293980029906902	0	FLAMES_annotated_GCST011521-11_64594483_T_G_credset.cred1
SAC3D1	Urate	0.011006578349637981	0.010309368003879184	0.014155949	0.0	0.0053452178835868	0	0	0	0.016344403337650422	0.22382388734644434	0.18902305385836032	0.3469729505829005	0.6420577878539385	0	FLAMES_annotated_GCST011521-11_64561634_T_C_credset.cred1
SAC3D1	Urate	0.009287291542371628	0.008391404670508635	0.012259577	0.0	0.0051800543442368	0	0	0	0.016344403337650422	0.22382388734644434	0.18902305385836032	0.39613672947637535	0.6420577878539385	0	FLAMES_annotated_GCST011521-11_64594483_T_G_credset.cred1
NAALADL1	Urate	0.010458420628852575	0.009913051622337911	0.013588042	0.0	0.0053116786293685	0	0	0	0.01571608598717934	0.21740434514387702	0.19007293891145532	0.3416358275333962	0.8794317688485842	0	FLAMES_annotated_GCST011521-11_64561634_T_C_credset.cred1
NAALADL1	Urate	0.008824759009333924	0.008068819315731003	0.011767749	0.0	0.0044824997894465	0	0	0	0.01571608598717934	0.21740434514387702	0.19007293891145532	0.39083825936396716	0.8794317688485842	0	FLAMES_annotated_GCST011521-11_64594483_T_G_credset.cred1
CDCA5	Urate	0.006106936142940485	0.005704340739086025	0.011767749	0.0	0.0047838939353823	0	0	0	0.011110660190502006	0.023430040085838887	0.01351627469269735	0.36177986391981276	0.9650161593748492	0	FLAMES_annotated_GCST011521-11_64594483_T_G_credset.cred1
ZFPL1	Urate	0.011611429295121652	0.010740853513254834	0.012259577	0.0	0.0047336905263364	0	0	0	0.020920554889723327	0.3830457906040879	0.3574193803512827	0.33753567708685595	0.7615768655636486	0	FLAMES_annotated_GCST011521-11_64594483_T_G_credset.cred1
TMEM262	Urate	0.00787107226616946	0.0071734563263968374	0.012259577	0.0	0.0045250281691551	0	0	0	0.01397213793486893	0.12680161378192026	0.10172682359594187	0.3365130466541318	0.8173628864984804	0	FLAMES_annotated_GCST011521-11_64594483_T_G_credset.cred1
VPS51	Urate	0.009332898734350868	0.008800312232543316	0.011767749	0.0	0.0045250281691551	0	0	0	0.017140855229095794	0.2536708919265391	0.24469383944221423	0.33063562703748295	0.9445636968790699	0	FLAMES_annotated_GCST011521-11_64594483_T_G_credset.cred1
MACROD1	Urate	0.015055598572757616	0.0144941814204518	0.013588042	0.0	0.0050514810718595	0	0	0	0.022978978643094655	0.49425854771067057	0.4685080186265425	0.46107183928405976	0.933324489894361	0	FLAMES_annotated_GCST011521-11_64561634_T_C_credset.cred1
MACROD1	Urate	0.012703833003170616	0.011797671944683065	0.011767749	0.0	0.0056925690732896	0	0	0	0.022978978643094655	0.49425854771067057	0.4685080186265425	0.42054053322872564	0.933324489894361	0	FLAMES_annotated_GCST011521-11_64594483_T_G_credset.cred1
FLRT1	Urate	0.013609826717247345	0.012353847712195724	0.014155949	0.0	0.0050543076358735	0	0	0	0.019585707843978433	0.37430891754307294	0.30829877405026224	0.39712310400645306	0.7367469007766146	0	FLAMES_annotated_GCST011521-11_64561634_T_C_credset.cred1
FLRT1	Urate	0.011483898496792337	0.010055527686262083	0.012259577	0.0	0.0048546730540692	0	0	0	0.019585707843978433	0.37430891754307294	0.30829877405026224	0.357054932568615	0.7367469007766146	0	FLAMES_annotated_GCST011521-11_64594483_T_G_credset.cred1
STIP1	Urate	0.011910647787489289	0.011239379196784423	0.014155949	0.0	0.0049425680190324	0	0	0	0.01781883688582263	0.27608509993723634	0.2432802589284544	0.5134443178783403	0.7367469007766146	0	FLAMES_annotated_GCST011521-11_64561634_T_C_credset.cred1
STIP1	Urate	0.010050140465729294	0.009148395813402536	0.012259577	0.0	0.0062062367796897	0	0	0	0.01781883688582263	0.27608509993723634	0.2432802589284544	0.47253371569250746	0.7367469007766146	0	FLAMES_annotated_GCST011521-11_64594483_T_G_credset.cred1
FERMT3	Urate	0.013640923659533876	0.012812579922473746	0.013588042	0.0	0.0058133997954428	0	0	0	0.02031297883342557	0.4090630866115363	0.366302478071235	0.5397947449026864	0.9186122232405575	0	FLAMES_annotated_GCST011521-11_64561634_T_C_credset.cred1
FERMT3	Urate	0.011510137929240553	0.010428916977476764	0.011767749	0.0	0.0086625609546899	0	0	0	0.02031297883342557	0.4090630866115363	0.366302478071235	0.49869330555818575	0.9186122232405575	0	FLAMES_annotated_GCST011521-11_64594483_T_G_credset.cred1
TRPT1	Urate	0.013531209472229817	0.012875690323351119	0.013588042	0.0	0.0074511403217911	0	0	0	0.02041303364244514	0.4024558083876285	0.37013824577921056	0.5430267224041988	0.8672398823018667	0	FLAMES_annotated_GCST011521-11_64561634_T_C_credset.cred1
TRPT1	Urate	0.011417561688790615	0.010480286267280056	0.011767749	0.0	0.0065818633884191	0	0	0	0.02041303364244514	0.4024558083876285	0.37013824577921056	0.5019018761751457	0.8672398823018667	0	FLAMES_annotated_GCST011521-11_64594483_T_G_credset.cred1
NUDT22	Urate	0.01549952122118758	0.014585524298344926	0.014155949	0.0	0.0047153919003903	0	0	0	0.023123793033050007	0.4835457994958276	0.4384956308936521	0.5490655606363671	0.7900366600742849	0	FLAMES_annotated_GCST011521-11_64561634_T_C_credset.cred1
NUDT22	Urate	0.013078412543447673	0.011872021318173435	0.012259577	0.0	0.0044802380725741	0	0	0	0.023123793033050007	0.4835457994958276	0.4384956308936521	0.5078969794527033	0.7900366600742849	0	FLAMES_annotated_GCST011521-11_64594483_T_G_credset.cred1
DNAJC4	Urate	0.013779004509375954	0.013293900346091054	0.014155949	0.0	0.0051839505322277	0	0	0	0.021076061025785946	0.3840885164734074	0.36314180050443995	0.5539707541462511	0.6735806280449568	0	FLAMES_annotated_GCST011521-11_64561634_T_C_credset.cred1
DNAJC4	Urate	0.011626649806789128	0.010820692152175513	0.012259577	0.0	0.0045367944985628	0	0	0	0.021076061025785946	0.3840885164734074	0.36314180050443995	0.5127666481799613	0.6735806280449568	0	FLAMES_annotated_GCST011521-11_64594483_T_G_credset.cred1
VEGFB	Urate	0.01486214799245959	0.015049996085926684	0.013588042	0.0	0.0052430354990065	0	0	0	0.023860163510109243	0.48260844267392283	0.50228970736821	0.5601036085873587	0.9468428922869133	0	FLAMES_annotated_GCST011521-11_64561634_T_C_credset.cred1
VEGFB	Urate	0.012540600445222412	0.012250082390992496	0.011767749	0.0	0.0078952070325613	0	0	0	0.023860163510109243	0.48260844267392283	0.50228970736821	0.5188550867747913	0.9468428922869133	0	FLAMES_annotated_GCST011521-11_64594483_T_G_credset.cred1
FKBP2	Urate	0.011198534774491384	0.010520441407999119	0.012143931	0.0	0.0055496930144727	0	0	0	0.016679037706070387	0.34217369973143974	0.30302653801809704	0.5673864583957837	0.5806039264869037	0	FLAMES_annotated_GCST011521-11_64561634_T_C_credset.cred1
FKBP2	Urate	0.0094492633400015	0.008563209804294305	0.010517095	0.0	0.0053477990441024	0	0	0	0.016679037706070387	0.34217369973143974	0.30302653801809704	0.5260851921490118	0.5806039264869037	0	FLAMES_annotated_GCST011521-11_64594483_T_G_credset.cred1
PPP1R14B	Urate	0.015013521598243295	0.014172545811512078	0.013588042	0.0	0.0058259167708456	0	0	0	0.02246905969187635	0.4917245612075619	0.4489594268345472	0.5712138718872459	0.8880902995513964	0	FLAMES_annotated_GCST011521-11_64561634_T_C_credset.cred1
PPP1R14B	Urate	0.012668328678654696	0.011535873689926509	0.011767749	0.0	0.0055014393292367	0	0	0	0.02246905969187635	0.4917245612075619	0.4489594268345472	0.5298848864420307	0.8880902995513964	0	FLAMES_annotated_GCST011521-11_64594483_T_G_credset.cred1
PLCB3	Urate	0.015116606156523368	0.015284214234869649	0.014796631	0.0	0.0056391377002	0	0	0	0.02423149140274837	0.42357416246288315	0.44064811277956817	0.6014748281819717	0.8910448121171192	0	FLAMES_annotated_GCST011521-11_64561634_T_C_credset.cred1
PLCB3	Urate	0.011713456269455559	0.011424567077467944	0.011767749	0.0	0.0060318810865283	0	0	0	0.02225226164201421	0.42357416246288315	0.44064811277956817	0.5599266844319396	0.8910448121171192	0	FLAMES_annotated_GCST011521-11_64594483_T_G_credset.cred1
BAD	Urate	0.01682477566068534	0.016284192389413723	0.0152846705	0.0	0.0081357564777135	0	0	0	0.025816850105683197	0.4883322433915518	0.4674403266483431	0.622667989252176	0.9116781631373304	0	FLAMES_annotated_GCST011521-11_64561634_T_C_credset.cred1
BAD	Urate	0.012620798059206555	0.011783373222214849	0.011767749	0.0	0.006238302681595	0	0	0	0.022951128229914724	0.4883322433915518	0.4674403266483431	0.5809663587052092	0.9116781631373304	0	FLAMES_annotated_GCST011521-11_64594483_T_G_credset.cred1
GPR137	Urate	0.013953822445415771	0.013384145398749958	0.01592031	0.0	0.0048884409479796	0	0	0	0.02121913493093024	0.30480047461449183	0.28187093146640985	0.6292027970503437	0.7367469007766146	0	FLAMES_annotated_GCST011521-11_64561634_T_C_credset.cred1
GPR137	Urate	0.01046929439352071	0.009686809049212137	0.012259577	0.0	0.0046741431578993	0	0	0	0.018867534146166792	0.30480047461449183	0.28187093146640985	0.5874538395985228	0.7367469007766146	0	FLAMES_annotated_GCST011521-11_64594483_T_G_credset.cred1
KCNK4	Urate	0.010109670700350756	0.009793952906350148	0.0152846705	0.0	0.0051142675802111	0	0	0	0.015527267676457693	0.12882023806833037	0.11675882125883522	0.643551850620507	0.9568641165404467	0	FLAMES_annotated_GCST011521-11_64561634_T_C_credset.cred1
KCNK4	Urate	0.008258107511118025	0.007717335971562375	0.012814432	0.0	0.00463581783697	0	0	0	0.015031482423279226	0.12882023806833037	0.11675882125883522	0.60169897331151	0.9568641165404467	0	FLAMES_annotated_GCST011521-11_64594483_T_G_credset.cred1
ESRRA	Urate	0.02483911954005273	0.024633733248146467	0.019509418	0.0	0.0059328405186533	0	0	0	0.03905415654657948	0.6294286646201156	0.6303540802262603	0.6663228489363905	0.8942525686170468	0	FLAMES_annotated_GCST011521-11_64561634_T_C_credset.cred1
ESRRA	Urate	0.01642043682431785	0.01570885808009195	0.013237093	0.0	0.0065602115355432	0	0	0	0.03059701236162276	0.6294286646201156	0.6303540802262603	0.6243050576920476	0.8942525686170468	0	FLAMES_annotated_GCST011521-11_64594483_T_G_credset.cred1
TRMT112	Urate	0.01212265523821513	0.011540116211861502	0.013245027	0.0	0.0078087849542498	0	0	0	0.018295623345587313	0.3365357612602242	0.30712824732451527	0.6681500335188223	0.3880300033765857	0	FLAMES_annotated_GCST011521-11_64561634_T_C_credset.cred1
TRMT112	Urate	0.008829218080172216	0.008107753664746335	0.009900955	0.0	0.0045950217172503	0	0	0	0.015791920573757185	0.3365357612602242	0.30712824732451527	0.6261190092929512	0.3880300033765857	0	FLAMES_annotated_GCST011521-11_64594483_T_G_credset.cred1
PRDX5	Urate	0.02011985842241132	0.01965438744139568	0.019509418	0.0	0.0091104516759514	0	0	0	0.031159934884053705	0.4314828338699342	0.41957078607659787	0.6732282713553049	0.9664270898654188	0	FLAMES_annotated_GCST011521-11_64561634_T_C_credset.cred1
PRDX5	Urate	0.013300667264260166	0.012533544138757678	0.013237093	0.0	0.005995709914714	0	0	0	0.024412277645726142	0.4314828338699342	0.41957078607659787	0.6311604691114208	0.9664270898654188	0	FLAMES_annotated_GCST011521-11_64594483_T_G_credset.cred1
CCDC88B	Urate	0.017416470820657604	0.016550288068714957	0.020040445	0.0	0.0084846373647451	0	0	0	0.026238716422538794	0.29873413770888135	0.26960523738579456	0.7219027790646341	0.8670589937774348	0	FLAMES_annotated_GCST011521-11_64561634_T_C_credset.cred1
CCDC88B	Urate	0.02067108111411982	0.01894848381910287	0.024412382	0.0	0.0051994314417243	0	0	0	0.036907010725486536	0.29873413770888135	0.26960523738579456	0.6794824624291531	0.8670589937774348	0	FLAMES_annotated_GCST011521-11_64594483_T_G_credset.cred1
RPS6KA4	Urate	0.017541061840962553	0.01787664847841898	0.020040445	0.0	0.0083963703364133	0	0	0	0.02834151937798055	0.3038215396483455	0.3242643291597041	0.7419064307086914	0.895253485118904	0	FLAMES_annotated_GCST011521-11_64561634_T_C_credset.cred1
RPS6KA4	Urate	0.020818954418265905	0.020467038581245253	0.024412382	0.0	0.0100496457889676	0	0	0	0.03986478388711151	0.3038215396483455	0.3242643291597041	0.6993412420360626	0.895253485118904	0	FLAMES_annotated_GCST011521-11_64594483_T_G_credset.cred1
SLC22A11	Urate	0.04705384152524647	0.0815113503008732	0.065475814	0.0	0.6413213014602661	1	0	1	0.12922755162224175	0.17564312776015736	0.6236995590782916	1.0	0.7367469007766146	1	FLAMES_annotated_GCST011521-11_64561634_T_C_credset.cred1
SLC22A11	Urate	0.04320110336617285	0.0727531985499122	0.061699323	0.0	0.0243386253714561	0	0	0	0.14170543167617877	0.17564312776015736	0.6236995590782916	0.9707711661503916	0.7367469007766146	1	FLAMES_annotated_GCST011521-11_64594483_T_G_credset.cred1
SLC22A12	Urate	0.053829526621952596	0.07231514281734933	0.042987723	0.0	0.0350589118897914	0	0	0	0.11464794555610108	0.6122613455716833	0.9768610395075495	0.96047640329411	0.9527519174183589	1	FLAMES_annotated_GCST011521-11_64561634_T_C_credset.cred1
SLC22A12	Urate	0.16233700914135998	0.21037401770781894	0.13305806	0.0	0.587997555732727	1	1	1	0.4097571184074702	0.6122613455716833	0.9768610395075495	1.0	0.9527519174183589	1	FLAMES_annotated_GCST011521-11_64594483_T_G_credset.cred1
NRXN2	Urate	0.1268934446218126	0.07792941577688953	0.04644171	0.0	0.0153728881850838	0	1	0	0.12354877649586979	1.0	0.9733734358926112	0.9393118558527134	0.893806376923448	0	FLAMES_annotated_GCST011521-11_64561634_T_C_credset.cred1
NRXN2	Urate	0.12354169904885909	0.07318830311347757	0.04640688	0.0	0.0592973157763481	0	0	0	0.14255290891749905	1.0	0.9733734358926112	0.9841857508082298	0.893806376923448	0	FLAMES_annotated_GCST011521-11_64594483_T_G_credset.cred1
RASGRP2	Urate	0.019058098718533454	0.01927974740824244	0.020040445	0.0	0.0129498485475778	0	0	0	0.03056598307187829	0.3657664245853355	0.3820858024363764	0.7748012034074744	0.9243524190825333	0	FLAMES_annotated_GCST011521-11_64561634_T_C_credset.cred1
RASGRP2	Urate	0.018296987926087933	0.017855303729548112	0.019747274	0.0	0.0275840610265731	0	0	0	0.0347777633579789	0.3657664245853355	0.3820858024363764	0.8208665304963004	0.9243524190825333	0	FLAMES_annotated_GCST011521-11_64594483_T_G_credset.cred1
PYGM	Urate	0.026884043213558764	0.02468829072115693	0.020040445	0.0	0.0125616658478975	0	0	0	0.03914065160075065	0.685321761751706	0.6049709718450579	0.7482613814114967	0.8909965751772706	0	FLAMES_annotated_GCST011521-11_64561634_T_C_credset.cred1
PYGM	Urate	0.024330136285687316	0.021552956523869307	0.018614745	0.0	0.0141745842993259	0	0	0	0.04197988636908528	0.685321761751706	0.6049709718450579	0.7945189173103197	0.8909965751772706	0	FLAMES_annotated_GCST011521-11_64594483_T_G_credset.cred1
SF1	Urate	0.02020777615184497	0.02025071576887867	0.020040445	0.0	0.0076704612001776	0	0	0	0.0321053498408562	0.41271098955868823	0.4220992469458555	0.7234397396977311	0.9318412039940185	0	FLAMES_annotated_GCST011521-11_64561634_T_C_credset.cred1
SF1	Urate	0.017051212700570268	0.016483255891163236	0.01735577	0.0	0.0141500849276781	0	0	0	0.0321053498408562	0.41271098955868823	0.4220992469458555	0.7698770408646367	0.9318412039940185	0	FLAMES_annotated_GCST011521-11_64594483_T_G_credset.cred1
MAP4K2	Urate	0.018892693224925775	0.01842702320253304	0.019509418	0.0	0.0073333131149411	0	0	0	0.029214079798210325	0.3800103198307795	0.36761458787668183	0.6904495882362559	0.8922024986734841	0	FLAMES_annotated_GCST011521-11_64561634_T_C_credset.cred1
MAP4K2	Urate	0.01637546576424497	0.01540709798629131	0.01735577	0.0	0.0081706838682293	0	0	0	0.03000925752462645	0.3800103198307795	0.36761458787668183	0.7371258133023117	0.8922024986734841	0	FLAMES_annotated_GCST011521-11_64594483_T_G_credset.cred1
MEN1	Urate	0.019906867014539704	0.02293912059704669	0.018407721	0.0	0.0064678210765123	0	0	0	0.03636752894145006	0.4725223489356146	0.616735551429161	0.6704309485009183	0.7367469007766146	0	FLAMES_annotated_GCST011521-11_64561634_T_C_credset.cred1
MEN1	Urate	0.017255994564393935	0.01918137420071752	0.016377095	0.0	0.0089463265612721	0	0	0	0.0373606242121471	0.4725223489356146	0.616735551429161	0.7172521541520689	0.7367469007766146	0	FLAMES_annotated_GCST011521-11_64594483_T_G_credset.cred1
CDC42BPG	Urate	0.01393058671766202	0.013210596453254706	0.01592031	0.0	0.0069991080090403	0	0	0	0.020943991589172435	0.30360615252848727	0.2728681088857444	0.6433474675575952	0.8236095702088658	0	FLAMES_annotated_GCST011521-11_64561634_T_C_credset.cred1
CDC42BPG	Urate	0.01499611027868088	0.013718212212910573	0.017589783	0.0	0.0095636444166302	0	0	0	0.026719721224659015	0.30360615252848727	0.2728681088857444	0.6903648193488171	0.8236095702088658	0	FLAMES_annotated_GCST011521-11_64594483_T_G_credset.cred1
EHD1	Urate	0.012173964908585097	0.0121124886372659	0.013228858	0.0	0.0051424670964479	0	0	0	0.019203058774862763	0.34062505416822403	0.34374029237643783	0.6048485112737697	0.5978727509526794	0	FLAMES_annotated_GCST011521-11_64561634_T_C_credset.cred1
EHD1	Urate	0.010612689189974146	0.010185741628159547	0.011836288	0.0	0.0051029231399297	0	0	0	0.01983933274590186	0.34062505416822403	0.34374029237643783	0.6521446832686298	0.5978727509526794	0	FLAMES_annotated_GCST011521-11_64594483_T_G_credset.cred1
ATG2A	Urate	0.011907845314183377	0.011409239727750046	0.014155949	0.0	0.0054752072319388	0	0	0	0.018088132639762635	0.27592309839637535	0.25318998656303315	0.546404493157255	0.8189064685736337	0	FLAMES_annotated_GCST011521-11_64561634_T_C_credset.cred1
ATG2A	Urate	0.010047775753844735	0.009286655350974933	0.012259577	0.0	0.004971049260348	0	0	0	0.018088132639762635	0.27592309839637535	0.25318998656303315	0.5941239330691087	0.8189064685736337	0	FLAMES_annotated_GCST011521-11_64594483_T_G_credset.cred1
PPP2R5B	Urate	0.015007798618832363	0.01480543850954999	0.01460673	0.0	0.0055466229096055	0	0	0	0.02347244355811268	0.4283473431491219	0.42466901463878276	0.5150412308765581	1.0	0	FLAMES_annotated_GCST011521-11_64561634_T_C_credset.cred1
PPP2R5B	Urate	0.012663499659445283	0.01205102250799642	0.01264997	0.0	0.0053954627364873	0	0	0	0.02347244355811268	0.4283473431491219	0.42466901463878276	0.5629878123013243	1.0	0	FLAMES_annotated_GCST011521-11_64594483_T_G_credset.cred1
GPHA2	Urate	0.016253139530539116	0.015223947272211297	0.014155949	0.0	0.0047089266590774	0	0	0	0.0241359445617342	0.5271099386224466	0.4757414689917388	0.49198954648760895	0.8094761468332449	0	FLAMES_annotated_GCST011521-11_64561634_T_C_credset.cred1
GPHA2	Urate	0.013714311614737813	0.012391671554991683	0.012259577	0.0	0.0045367944985628	0	0	0	0.0241359445617342	0.5271099386224466	0.4757414689917388	0.540103074654727	0.8094761468332449	0	FLAMES_annotated_GCST011521-11_64594483_T_G_credset.cred1
BRSK2	IGF1	0.06098836485396744	0.0605739722413779	0.056147534	0.0	0.0589919835329055	0	0	0	0.05917730558580188	0.32115478719683155	0.25677719234283447	0.9602217781790788	0.6500147362216329	0	FLAMES_annotated_GCST011520-11_1492470_T_C_credset.cred1
MOB2	IGF1	0.11166724442879106	0.10719383039066671	0.0892131	0.0	0.6861053705215454	1	1	1	0.10472223998557444	0.43290944188667013	0.332896134616987	1.0	0.8909973021378857	0	FLAMES_annotated_GCST011520-11_1492470_T_C_credset.cred1
DUSP8	IGF1	0.05540180765263839	0.05474695630588079	0.046293713	0.0	0.4686871767044067	0	0	0	0.05348464436665371	0.39580174581320265	0.32114270976320214	0.9177561455155501	0.9150400145095106	0	FLAMES_annotated_GCST011520-11_1492470_T_C_credset.cred1
DUSP8	IGF1	0.024324821136929506	0.02250985867187764	0.025052587	0.0	0.0056544686667621	0	0	0	0.018433853969388056	0.36701982372027653	0.29426309849864135	0.388618218673874	0.8990944755739969	0	FLAMES_annotated_GCST011520-11_2038316_A_C_credset.cred1
KRTAP5-1	IGF1	0.03853477212983382	0.03920009028597144	0.05022364	0.0	0.0907381027936935	0	0	0	0.038296245664723595	0.10574774441471249	0.0717248072959027	0.8772873713061458	0.787061597406425	0	FLAMES_annotated_GCST011520-11_1492470_T_C_credset.cred1
KRTAP5-1	IGF1	0.015462002220057464	0.014846333255900962	0.02609965	0.0	0.0055933720432221	0	0	0	0.012158012327374576	0.0631486495425817	0.0349693998114847	0.40841912788871304	0.7470966942838603	0	FLAMES_annotated_GCST011520-11_2038316_A_C_credset.cred1
KRTAP5-2	IGF1	0.01587571072826332	0.016645967363296443	0.020142278	0.0	0.1483954787254333	0	0	0	0.01626215783742484	0.11987278265041712	0.10020210464831929	0.8601411024261496	0.3264639869414405	0	FLAMES_annotated_GCST011520-11_1492470_T_C_credset.cred1
KRTAP5-2	IGF1	0.011814945884286793	0.011730181915464263	0.019341642	0.0	0.0056428182870149	0	0	0	0.00960612252684517	0.0779465559093054	0.06457426652745818	0.42769845362352343	0.200052775137525	0	FLAMES_annotated_GCST011520-11_2038316_A_C_credset.cred1
KRTAP5-3	IGF1	0.028036406362659024	0.029421091350873785	0.03813677	0.0	0.0495406165719032	0	0	0	0.02874272313858818	0.08406242869204623	0.06611222713902973	0.8462686128578985	0.8964043619216033	0	FLAMES_annotated_GCST011520-11_1492470_T_C_credset.cred1
KRTAP5-3	IGF1	0.014132712099472089	0.01406487657952161	0.025052587	0.0	0.0056428182870149	0	0	0	0.01151805903109834	0.040430320130509255	0.029134587419681585	0.44276658546560216	0.8769612291221826	0	FLAMES_annotated_GCST011520-11_2038316_A_C_credset.cred1
KRTAP5-4	IGF1	0.014280417260852952	0.014990009000976705	0.020142278	0.0	0.0534911789000034	0	0	0	0.014644381250909042	0.06638363970637248	0.04920498490900624	0.8283796996297463	0.4037044594073772	0	FLAMES_annotated_GCST011520-11_1492470_T_C_credset.cred1
KRTAP5-4	IGF1	0.010464805678175424	0.010426435766550397	0.019341642	0.0	0.0056948722340166	0	0	0	0.008538454067768809	0.021909374578249936	0.011557896536406882	0.4630298073104666	0.29178996572308674	0	FLAMES_annotated_GCST011520-11_2038316_A_C_credset.cred1
KRTAP5-5	IGF1	0.03487362150701472	0.03663856997427166	0.043477774	0.0	0.0403334945440292	0	0	0	0.0357937868587259	0.12927632433970468	0.11029897325796162	0.816565510314208	0.8391824797660341	0	FLAMES_annotated_GCST011520-11_1492470_T_C_credset.cred1
KRTAP5-5	IGF1	0.032264791036612325	0.032093472270654504	0.051778812	0.0	0.008854147978127	0	0	0	0.02628210109319632	0.08779804990964843	0.07507092447002768	0.4760575401411832	0.8089997765134482	0	FLAMES_annotated_GCST011520-11_2038316_A_C_credset.cred1
KRTAP5-6	IGF1	0.010746999907791006	0.011186680242484632	0.013825937	0.0	0.0175271872431039	0	0	0	0.010928746633326398	0.11253074262250266	0.08946401173006546	0.7265506039995939	0.15802443945680023	0	FLAMES_annotated_GCST011520-11_1492470_T_C_credset.cred1
KRTAP5-6	IGF1	0.03342847445188076	0.031028053639428815	0.05413762	0.0	0.0075980420224368	0	0	0	0.04380141473992709	0.07025476640326475	0.053410994757159144	0.378104055259369	0.043005696041888655	0	FLAMES_annotated_GCST011520-11_2158634_AGCCCT_A_credset.cred1
KRTAP5-6	IGF1	0.011925326922297424	0.011746942607072297	0.019833438	0.0	0.0069187092594802	0	0	0	0.009619848252360917	0.07025476640326475	0.053410994757159144	0.5750769039278792	0.0	0	FLAMES_annotated_GCST011520-11_2038316_A_C_credset.cred1
IFITM10	IGF1	0.014205548536025271	0.014724992952092262	0.01614423	0.0	0.0114539666101336	0	0	0	0.014385475732091778	0.18182765031097758	0.15334411650293556	0.6795142357975947	0.28465279194722165	0	FLAMES_annotated_GCST011520-11_1492470_T_C_credset.cred1
IFITM10	IGF1	0.008236498495431252	0.00759291180035211	0.011595102	0.0	0.0049727004952728	0	0	0	0.010718696142393017	0.14285273990010552	0.1198204564486759	0.44939932828399365	0.18693221568427876	0	FLAMES_annotated_GCST011520-11_2158634_AGCCCT_A_credset.cred1
IFITM10	IGF1	0.014580057040324338	0.014264006625408466	0.021078333	0.0	0.0097799645736813	0	0	0	0.011681131320458461	0.14285273990010552	0.1198204564486759	0.6533677696971852	0.150394332596456	0	FLAMES_annotated_GCST011520-11_2038316_A_C_credset.cred1
CTSD	IGF1	0.012480807193585606	0.01159636639452682	0.013934939	0.0	0.0203966945409774	0	0	0	0.011328986566693533	0.1924534457102987	0.10377500837328434	0.6523436039087669	0.2487610238273368	0	FLAMES_annotated_GCST011520-11_1492470_T_C_credset.cred1
CTSD	IGF1	0.008401619009040132	0.006857774827681226	0.011595102	0.0	0.0064369742758572	0	0	0	0.009680924330960614	0.1539847115639878	0.06828864072728436	0.46748222543372103	0.14613742393574464	0	FLAMES_annotated_GCST011520-11_2158634_AGCCCT_A_credset.cred1
CTSD	IGF1	0.01487234951245683	0.012882981937583969	0.021078333	0.0	0.01533445995301	0	0	0	0.010550177643913099	0.1539847115639878	0.06828864072728436	0.6732249862195274	0.10776629230425405	0	FLAMES_annotated_GCST011520-11_2038316_A_C_credset.cred1
SYT8	IGF1	0.008669598760921392	0.00928684425044962	0.0127868075	0.0	0.0084173269569873	0	0	0	0.009072715554242527	0.04547049524060755	0.03808729741547882	0.5525314021018438	0.2855811739100864	0	FLAMES_annotated_GCST011520-11_1492470_T_C_credset.cred1
SYT8	IGF1	0.019966595203763312	0.019202947636710554	0.037844263	0.0	0.007568793836981	0	0	0	0.027108251243829727	0.0	0.0	0.5666999960868292	0.18798742000610708	0	FLAMES_annotated_GCST011520-11_2158634_AGCCCT_A_credset.cred1
SYT8	IGF1	0.015653038552386853	0.015976407027584294	0.03046771	0.0	0.023491321131587	0	0	0	0.013083456382155417	0.0	0.0	0.7821781444667698	0.15149695600546062	0	FLAMES_annotated_GCST011520-11_2038316_A_C_credset.cred1
TNNI2	IGF1	0.009681946890318581	0.01077400356693566	0.0127868075	0.0	0.0057053174823522	0	0	0	0.010525585129573927	0.09893941500876524	0.11023129533313211	0.5371575955419968	0.39054387993380035	0	FLAMES_annotated_GCST011520-11_1492470_T_C_credset.cred1
TNNI2	IGF1	0.021417542498082885	0.02143318805236885	0.03574015	0.0	0.0075452658347785	0	0	0	0.03025661776888498	0.05601599479278073	0.0750005668121574	0.5723120227449678	0.3072886402552074	0	FLAMES_annotated_GCST011520-11_2158634_AGCCCT_A_credset.cred1
TNNI2	IGF1	0.01777902804632354	0.01888172765942288	0.03046771	0.0	0.0390455015003681	0	0	0	0.015462691944770141	0.05601599479278073	0.0750005668121574	0.7883408310958587	0.2761593701448893	0	FLAMES_annotated_GCST011520-11_2038316_A_C_credset.cred1
LSP1	IGF1	0.01080321500909662	0.011759109118957953	0.0127868075	0.0	0.005866534076631	0	0	0	0.011487976898335486	0.15816113264517234	0.15802002393496636	0.5184832958449316	0.44985150422816206	0	FLAMES_annotated_GCST011520-11_1492470_T_C_credset.cred1
LSP1	IGF1	0.012421912718626521	0.012095966550497512	0.018304521	0.0	0.0078042834065854	0	0	0	0.017075529574480264	0.11805883091373966	0.12468150820469003	0.6405725643547924	0.37469802989874423	0	FLAMES_annotated_GCST011520-11_2158634_AGCCCT_A_credset.cred1
LSP1	IGF1	0.02013375580539474	0.020806233968585885	0.03046771	0.0	0.0494448281824588	0	0	0	0.01703871553440726	0.11805883091373966	0.12468150820469003	0.8632991933237315	0.34659802308643006	0	FLAMES_annotated_GCST011520-11_2038316_A_C_credset.cred1
TNNT3	IGF1	0.00972204107196397	0.00982912789707062	0.0127868075	0.0	0.0073250248096883	0	0	0	0.009602495654223369	0.10105705867667218	0.06439416975576931	0.42953694254924696	0.4778503253304314	0	FLAMES_annotated_GCST011520-11_1492470_T_C_credset.cred1
TNNT3	IGF1	0.008814446083161873	0.007921025457039058	0.01463962	0.0	0.0076669375412166	0	0	0	0.0111818847950037	0.05823451570528068	0.02734850290427364	0.7032359223680891	0.40652165230308973	0	FLAMES_annotated_GCST011520-11_2158634_AGCCCT_A_credset.cred1
TNNT3	IGF1	0.018357108446872127	0.01750681869878182	0.031310078	0.0	0.1933933794498443	0	0	0	0.014336746581402552	0.05823451570528068	0.02734850290427364	0.9321111684062661	0.37985174494529966	0	FLAMES_annotated_GCST011520-11_2038316_A_C_credset.cred1
MRPL23	IGF1	0.013167437154547604	0.011841315215522478	0.0127868075	0.0	0.0118815880268812	0	0	0	0.011568287551862212	0.28303161995701337	0.16200794657218628	0.3925169232084373	0.3189258427985219	0	FLAMES_annotated_GCST011520-11_1492470_T_C_credset.cred1
MRPL23	IGF1	0.012728067006154448	0.010019047829345118	0.015045441	0.0	0.0103612309321761	0	0	0	0.014143602894725124	0.2488777177990823	0.12882733414763156	0.7650586233465166	0.22588716399988149	0	FLAMES_annotated_GCST011520-11_2158634_AGCCCT_A_credset.cred1
MRPL23	IGF1	0.09729653704532	0.0812789261849903	0.118109524	0.0	0.3245005905628204	1	0	0	0.06656122892298036	0.2488777177990823	0.12882733414763156	1.0	0.1910998500216755	0	FLAMES_annotated_GCST011520-11_2038316_A_C_credset.cred1
IGF2	IGF1	0.3651591930924174	0.3511932200987137	0.12766746	0.0	0.2046332210302353	0	1	1	0.4957694113254547	1.0	1.0	0.9878138464174921	0.9868969133663079	1	FLAMES_annotated_GCST011520-11_2158634_AGCCCT_A_credset.cred1
IGF2	IGF1	0.3720022653853223	0.379687278421293	0.13356377	0.0	0.1839490681886673	0	1	1	0.3109348639845848	1.0	1.0	0.9451715002044845	0.9863080829431294	1	FLAMES_annotated_GCST011520-11_2038316_A_C_credset.cred1
INS-IGF2	IGF1	0.025736729585303177	0.021932711811617097	0.033712212	0.0	0.3162481784820556	1	0	0	0.030961781154430896	0.18434720264765483	0.1163650375217596	1.0	0.06339342887291553	0	FLAMES_annotated_GCST011520-11_2158634_AGCCCT_A_credset.cred1
INS-IGF2	IGF1	0.01830755198117674	0.016557159244945212	0.024626872	0.0	0.1421188116073608	0	0	0	0.01355904806503898	0.18434720264765483	0.1163650375217596	0.9400949519017052	0.021303922862135723	0	FLAMES_annotated_GCST011520-11_2038316_A_C_credset.cred1
INS	IGF1	0.04715516965687274	0.0716209894177446	0.050501402	0.0	0.0524868033826351	0	0	0	0.10110529967577786	0.31748435110800527	0.7402768850533522	0.9984549722232342	0.9012694662006073	1	FLAMES_annotated_GCST011520-11_2158634_AGCCCT_A_credset.cred1
INS	IGF1	0.037141098996383896	0.059866288197364156	0.040848296	0.0	0.1098431050777435	0	0	0	0.04902591484051542	0.31748435110800527	0.7402768850533522	0.8997300212782352	0.8968326839657823	1	FLAMES_annotated_GCST011520-11_2038316_A_C_credset.cred1
TH	IGF1	0.1365337172769806	0.1786077683853686	0.1922982	0.0	0.065054103732109	0	0	0	0.2521354716519816	0.14259278460334274	0.3425009464114343	0.9928550898882318	1.0	0	FLAMES_annotated_GCST011520-11_2158634_AGCCCT_A_credset.cred1
TH	IGF1	0.0360716982783944	0.050077610336950296	0.05217314	0.0	0.1046625301241874	0	0	0	0.041009735758161386	0.14259278460334274	0.3425009464114343	0.8935806705903969	1.0	0	FLAMES_annotated_GCST011520-11_2038316_A_C_credset.cred1
ASCL2	IGF1	0.013426099224334173	0.01303800525556565	0.018265057	0.0	0.0162496920675039	0	0	0	0.01840537863627636	0.16218229437101453	0.16776278554823526	0.8517569462154916	0.4455088107628265	0	FLAMES_annotated_GCST011520-11_2158634_AGCCCT_A_credset.cred1
ASCL2	IGF1	0.01747963013391504	0.018013998209956437	0.02442016	0.0	0.0162286888808012	0	0	0	0.01475208784060552	0.16218229437101453	0.16776278554823526	0.738637778054375	0.4205909199837367	0	FLAMES_annotated_GCST011520-11_2038316_A_C_credset.cred1
C11orf21	IGF1	0.011158505240208479	0.010408028633777334	0.018265057	0.0	0.0141595937311649	0	0	0	0.014692715956691572	0.06513355733661938	0.050728638227093566	0.815121571421439	0.2955254956174878	0	FLAMES_annotated_GCST011520-11_2158634_AGCCCT_A_credset.cred1
C11orf21	IGF1	0.012539382442131042	0.012412383406391165	0.021078333	0.0	0.0121294045820832	0	0	0	0.010164793411667582	0.06513355733661938	0.050728638227093566	0.6984076886146624	0.26386760979786583	0	FLAMES_annotated_GCST011520-11_2038316_A_C_credset.cred1
TSPAN32	IGF1	0.01439510420324762	0.012204947513615656	0.018265057	0.0	0.0125945461913943	0	0	0	0.01722937487911222	0.20365387613625677	0.13069165660730714	0.8065503780257919	0.3964978554486036	0	FLAMES_annotated_GCST011520-11_2158634_AGCCCT_A_credset.cred1
TSPAN32	IGF1	0.01617651405928609	0.014555348887323119	0.021078333	0.0	0.0117250569164752	0	0	0	0.011919718367562206	0.20365387613625677	0.13069165660730714	0.6889954776341447	0.3693774957120201	0	FLAMES_annotated_GCST011520-11_2038316_A_C_credset.cred1
KCNQ1	IGF1	0.01534105262022396	0.01334401496328855	0.017357888	0.0	0.0069267442449927	0	0	0	0.018837363777148425	0.27845268847886	0.21241432272762834	0.6140129296560323	0.546919228554164	0	FLAMES_annotated_GCST011520-11_2158634_AGCCCT_A_credset.cred1
KCNQ1	IGF1	0.0166458703614048	0.015365774162532663	0.019341642	0.0	0.0057673538103699	0	0	0	0.012583394732397762	0.27845268847886	0.21241432272762834	0.47756598327376615	0.5265585494376486	0	FLAMES_annotated_GCST011520-11_2038316_A_C_credset.cred1
GATC	Urate	0.011721274781657525	0.011072110770125125	0.015674058	0.0	0.0092922523617744	0	0	0	0.010613700827880166	0.23153224771701367	0.15265257347543096	0.35882618049707604	0.19186571799649896	0	FLAMES_annotated_GCST011521-12_120948318_AG_A_credset.cred1
COQ5	Urate	0.026180943080180923	0.022885481050122655	0.027383564	0.0	0.0123988175764679	0	0	0	0.0219379713779162	0.41087787938003145	0.2561185947508749	0.45922821312553147	0.34265062962335535	0	FLAMES_annotated_GCST011521-12_120948318_AG_A_credset.cred1
RNF10	Urate	0.029242935307454553	0.02622362741696697	0.027383564	0.0	0.0123988175764679	0	0	0	0.025137911081640846	0.5071677806156096	0.3536350500165285	0.5187130545521202	0.31046360607600654	0	FLAMES_annotated_GCST011521-12_120948318_AG_A_credset.cred1
POP5	Urate	0.02806772745947479	0.024079893672205657	0.027383564	0.0	0.0132207628339529	0	0	0	0.0230829326684082	0.47021123751995697	0.29101067928169994	0.5239558797788751	0.10301541589022532	0	FLAMES_annotated_GCST011521-12_120948318_AG_A_credset.cred1
CABP1	Urate	0.05535639904728276	0.04594082640618036	0.045677688	0.0	0.0127041963860392	0	0	0	0.04403877430276694	0.6311616713376222	0.39212831312681384	0.6423825360444234	0.8161104523123835	0	FLAMES_annotated_GCST011521-12_120948318_AG_A_credset.cred1
MLEC	Urate	0.0432932579727129	0.03456848926752634	0.03484371	0.0	0.013862207531929	0	0	0	0.033137277143874225	0.6575181734554529	0.38120138448075375	0.6899869480665359	0.5314670506522108	0	FLAMES_annotated_GCST011521-12_120948318_AG_A_credset.cred1
UNC119B	Urate	0.030951435893951884	0.027565503658362852	0.03484371	0.0	0.0143156656995415	0	0	0	0.026424230670552912	0.35250295998592945	0.22042534455988977	0.7199995038335748	0.5034869275509628	0	FLAMES_annotated_GCST011521-12_120948318_AG_A_credset.cred1
ACADS	Urate	0.04838811685713024	0.04637817773446688	0.06024607	0.0	0.0145063679665327	0	0	0	0.04445801831607956	0.27920508840886404	0.20338164800676967	0.7425585373013783	0.38743012027782486	0	FLAMES_annotated_GCST011521-12_120948318_AG_A_credset.cred1
SPPL3	Urate	0.06781576377700302	0.05885688439575923	0.071081676	0.0	0.3393529057502746	0	0	0	0.056420078845603655	0.4091312229680293	0.2499428100534674	0.9690902099473099	0.7586537918572477	0	FLAMES_annotated_GCST011521-12_120948318_AG_A_credset.cred1
HNF1A	Urate	0.1092144727598092	0.205987104268704	0.07369786	0.0	0.6177689433097839	1	1	1	0.19745878130197525	0.8636918907854122	1.0	0.9880024201895632	0.8624710599130386	1	FLAMES_annotated_GCST011521-12_120948318_AG_A_credset.cred1
C12orf43	Urate	0.10624206557396261	0.09512792857754476	0.11403378	0.0	0.1315194219350814	0	0	0	0.09118942135426288	0.38985735599766064	0.2548950436593569	0.9550914255550518	1.0	0	FLAMES_annotated_GCST011521-12_120948318_AG_A_credset.cred1
OASL	Urate	0.040878934506191296	0.03657192260092921	0.040071983	0.0	0.0797239169478416	0	0	0	0.03505776389394496	0.46603746466373946	0.31764897494910477	0.9304622755019206	0.7630442148060309	0	FLAMES_annotated_GCST011521-12_120948318_AG_A_credset.cred1
P2RX7	Urate	0.032686808405776334	0.04475760666441271	0.045439072	0.0	0.0193649064749479	0	0	0	0.04290454248252103	0.207025500561358	0.37552285214262393	0.7753730551309811	0.5710232085380316	0	FLAMES_annotated_GCST011521-12_120948318_AG_A_credset.cred1
P2RX4	Urate	0.03494310870270303	0.03488187162304979	0.02837326	0.0	0.0130082154646515	0	0	0	0.03343768477484165	0.6480907879294995	0.5710223430444439	0.6691961966087024	0.3847055169687729	0	FLAMES_annotated_GCST011521-12_120948318_AG_A_credset.cred1
CAMKK2	Urate	0.027427160259368567	0.023809213094709587	0.02837326	0.0	0.0124631505459547	0	0	0	0.022823458867151366	0.41998243725594797	0.25884227396074405	0.6308301277766369	0.48833926252188153	0	FLAMES_annotated_GCST011521-12_120948318_AG_A_credset.cred1
DRAM1	IGF1	0.020689100179178178	0.01603332413391355	0.044109307	0.0	0.0145772015675902	0	0	0	0.014643094862253464	0.26375046308254985	0.1532948409942628	0.38908143130947065	0.811058155797249	0	FLAMES_annotated_GCST011520-12_102444350_G_A_credset.cred1
NUP37	IGF1	0.030399848721866036	0.023191743735705376	0.050456878	0.0	0.0146188912913203	0	0	0	0.02118081694766525	0.45613473377471625	0.30293027903880426	0.5417248534259045	1.0	0	FLAMES_annotated_GCST011520-12_102444350_G_A_credset.cred1
PARPBP	IGF1	0.03792960987976199	0.028912451223718407	0.08308054	0.0	0.0442826561629772	0	0	0	0.026405489119606898	0.24572823605255073	0.1291935363605643	0.6511197299757453	0.8859152443412495	0	FLAMES_annotated_GCST011520-12_102444350_G_A_credset.cred1
PMCH	IGF1	0.012604281015255991	0.011759672503715197	0.044057447	0.0	0.0170778632164001	0	0	0	0.010740006163581738	0.0	0.002990549523083878	0.6515790991276227	0.13666544462096214	0	FLAMES_annotated_GCST011520-12_102444350_G_A_credset.cred1
IGF1	IGF1	0.7859275680581137	0.8340863549746407	0.5067406	0.0	0.8626975417137146	1	1	1	0.7617637813091278	1.0	1.0	1.0	0.94378589759257	1	FLAMES_annotated_GCST011520-12_102444350_G_A_credset.cred1
PAH	IGF1	0.011345699649222541	0.008481949755902805	0.032007925	0.0	0.014851707033813	0	0	0	0.007746490612626075	0.09857497257147767	0.0	0.4451739383625539	0.36670875935204417	0	FLAMES_annotated_GCST011520-12_102444350_G_A_credset.cred1
ZDHHC20	Test_female	0.037782314799508776	0.034520540196785535	0.09252888	0.0	0.0182355213910341	0	0	0	0.025816963135709595	0.14133689497369506	0.07655755255166796	0.6187454409434	0.019449301387773107	0	FLAMES_annotated_GCST011519-13_21744367_G_C_credset.cred1
MICU2	Test_female	0.03588704783942915	0.033077952438501014	0.09252888	0.0	0.1077994331717491	0	0	0	0.02473809140417379	0.11355842433204352	0.0561231515541198	0.8440254389525796	0.16765275743112326	0	FLAMES_annotated_GCST011519-13_21744367_G_C_credset.cred1
FGF9	Test_female	0.7594405233547211	0.7858000244601885	0.4606397	0.0	0.8018324375152588	1	1	1	0.5876782387495041	1.0	1.0	1.0	1.0	1	FLAMES_annotated_GCST011519-13_21744367_G_C_credset.cred1
FGF9	Test_female	0.9480119123453499	0.948427205184043	0.7756775	0.0	0.451542854309082	1	1	1	1.060047686100006	1.0	1.0	1.0	1.0	1	FLAMES_annotated_GCST011519-13_22119615_TC_T_credset.cred1
PIGQ	IGF1	0.009038648634504143	0.00892131757471741	0.0078044	0.0	0.0060647414065897	0	0	0	0.010672829848197507	0.3810887587028409	0.5581164692142998	0.35773623013979094	0.43714059465676197	0	FLAMES_annotated_GCST011520-16_1060581_T_C_credset.cred1
NHLRC4	IGF1	0.0065941599530859206	0.006745997211413687	0.007693882	0.0	0.0065052309073507	0	0	0	0.008070431277760422	0.17479867244085018	0.33200629361917555	0.3374821024672657	0.0824016289899885	0	FLAMES_annotated_GCST011520-16_1060581_T_C_credset.cred1
RAB40C	IGF1	0.008739357126153882	0.008019933232041693	0.0078044	0.0	0.0065052309073507	0	0	0	0.00959447772849819	0.35481345482103105	0.4600553000930503	0.420176658158854	0.4212089217368351	0	FLAMES_annotated_GCST011520-16_1060581_T_C_credset.cred1
WFIKKN1	IGF1	0.008201236414804946	0.008205064398121324	0.0078044	0.0	0.0065052309073507	0	0	0	0.00981595548877497	0.3075709341433193	0.48019563071001675	0.42687777109142094	0.4435226908501292	0	FLAMES_annotated_GCST011520-16_1060581_T_C_credset.cred1
WDR90	IGF1	0.00851356402538815	0.007956934161701625	0.0078044	0.0	0.0065052309073507	0	0	0	0.009519110121336702	0.3349906993897117	0.45320166152059554	0.4735213352424035	0.4087369671373895	0	FLAMES_annotated_GCST011520-16_1060581_T_C_credset.cred1
RHOT2	IGF1	0.023884032970346556	0.02209917812516758	0.0208565	0.0	0.0079660071060061	0	0	0	0.026437884980503347	0.3721901017070633	0.48719507043364124	0.48229337428150487	0.40491902185184486	0	FLAMES_annotated_GCST011520-16_1060581_T_C_credset.cred1
RHBDL1	IGF1	0.024534913227744284	0.024044406846746115	0.024221756	0.0	0.0077797668054699	0	0	0	0.02876501827526133	0.28159028324324503	0.43039098219116195	0.4879569490845455	0.3015743132411999	0	FLAMES_annotated_GCST011520-16_1060581_T_C_credset.cred1
STUB1	IGF1	0.031411262934764615	0.02664813249508205	0.024221756	0.0	0.0079470183700323	0	0	0	0.03187993045985055	0.4761017474968665	0.52165848582521	0.49432328304731865	0.3797300099926469	0	FLAMES_annotated_GCST011520-16_1060581_T_C_credset.cred1
JMJD8	IGF1	0.025808363046074232	0.023600130310669844	0.024221756	0.0	0.0077797668054699	0	0	0	0.028233517425148527	0.31761238790741647	0.41481790892910525	0.49661831738983075	0.33815682799449465	0	FLAMES_annotated_GCST011520-16_1060581_T_C_credset.cred1
WDR24	IGF1	0.02477033159680871	0.023076556471510724	0.024221756	0.0	0.007414698600769	0	0	0	0.02760715092137682	0.2882495680734217	0.39646525435254804	0.5048010347713612	0.38750730594468213	0	FLAMES_annotated_GCST011520-16_1060581_T_C_credset.cred1
METRN	IGF1	0.00842151468848887	0.007670504077030287	0.008393559	0.0	0.0065052309073507	0	0	0	0.009176445539395865	0.2750139861617954	0.3634680668692996	0.54521106984015	0.28676822715360395	0	FLAMES_annotated_GCST011520-16_1060581_T_C_credset.cred1
CCDC78	IGF1	0.0067660544557674365	0.006801436960939671	0.008016149	0.0	0.0065052309073507	0	0	0	0.008136755451130772	0.1658831288260677	0.3079503382367868	0.5553083909166995	0.09340296762759479	0	FLAMES_annotated_GCST011520-16_1060581_T_C_credset.cred1
HAGHL	IGF1	0.008030622855235857	0.0077141105939012005	0.008393559	0.0	0.0066041806712746	0	0	0	0.009228613274815882	0.24310571228925815	0.3678790135398365	0.5671653766609256	0.26740700239446447	0	FLAMES_annotated_GCST011520-16_1060581_T_C_credset.cred1
MSLN	IGF1	0.005355263406888849	0.0043216255482113825	0.0088966	0.0	0.0079556396231055	0	0	0	0.005170085445046425	0.0	0.0	0.6132874049787996	0.30006693188031447	0	FLAMES_annotated_GCST011520-16_1060581_T_C_credset.cred1
MSLNL	IGF1	0.006520047671770327	0.006531594774955931	0.0088966	0.0	0.0065398812294006	0	0	0	0.007813935451422227	0.0897045045733294	0.2109058789555368	0.6333533924038375	0.3295970889345576	0	FLAMES_annotated_GCST011520-16_1060581_T_C_credset.cred1
RPUSD1	IGF1	0.00911965325890216	0.008777601895066172	0.0088966	0.0	0.0066433530300855	0	0	0	0.010500898630348856	0.28991010323049005	0.42525099292810487	0.6403076646400089	0.27632402571692527	0	FLAMES_annotated_GCST011520-16_1060581_T_C_credset.cred1
CHTF18	IGF1	0.008041695500887546	0.006951252217850431	0.0088966	0.0	0.0061978078447282	0	0	0	0.008315983769401148	0.20689244115651154	0.25095540573865155	0.6573786253311475	0.30191934237070833	0	FLAMES_annotated_GCST011520-16_1060581_T_C_credset.cred1
GNG13	IGF1	0.006978064902812691	0.007279330718316478	0.0088966	0.0	0.0066433530300855	0	0	0	0.008708473553897674	0.12497816850709721	0.2822652012116033	0.6573730917944568	0.30014517619110465	0	FLAMES_annotated_GCST011520-16_1060581_T_C_credset.cred1
LMF1	IGF1	0.03246324739024384	0.03643979059656216	0.029307958	0.0	0.0166813489049673	0	0	0	0.043593973814274246	0.34649631916007584	0.6432131364602939	0.9071915226217897	1.0	0	FLAMES_annotated_GCST011520-16_1060581_T_C_credset.cred1
SOX8	IGF1	0.02535845792518034	0.03593168104324863	0.026433406	0.0	0.0230429954826831	0	0	0	0.04298610768224377	0.24486900121228108	0.741690603808772	0.9150228604234539	0.7503063783253832	0	FLAMES_annotated_GCST011520-16_1060581_T_C_credset.cred1
SSTR5	IGF1	0.08773191067098665	0.10027829924400161	0.11127956	0.0	0.4388687312602997	1	1	1	0.11996582526452242	0.1277462911414047	0.35267043060420117	1.0	0.783725183355644	0	FLAMES_annotated_GCST011520-16_1060581_T_C_credset.cred1
C1QTNF8	IGF1	0.07593908533978597	0.0792572066469203	0.09744361	0.0	0.055146861821413	0	0	0	0.09481768513467623	0.12152586751965248	0.2781473841991177	0.9761380064050688	0.9072286430739643	0	FLAMES_annotated_GCST011520-16_1060581_T_C_credset.cred1
CACNA1H	IGF1	0.02430967291082023	0.02421128437987528	0.022293951	0.0	0.0220452081412076	0	0	0	0.028964658687303378	0.3346812496572277	0.5096266910144717	0.8886583248601053	0.6651237768434548	0	FLAMES_annotated_GCST011520-16_1060581_T_C_credset.cred1
TPSG1	IGF1	0.01629419099584494	0.01787103958550911	0.01891576	0.0	0.0150271719321608	0	0	0	0.021379640743545945	0.1777742196047635	0.3897150471122383	0.7940210136055833	0.602434057957352	0	FLAMES_annotated_GCST011520-16_1060581_T_C_credset.cred1
TPSAB1	IGF1	0.010411761879742309	0.01046838130242256	0.016705029	0.0	0.0145110180601477	0	0	0	0.012523626862408519	0.014611914912263341	0.11962850278473257	0.7676730786523072	0.46070815814777805	0	FLAMES_annotated_GCST011520-16_1060581_T_C_credset.cred1
TPSD1	IGF1	0.04317012023953182	0.04390701338945978	0.05646222	0.0	0.0119593851268291	0	0	0	0.05252722808301974	0.11143413003106781	0.24781161971552942	0.7464201476070912	0.24648654763475933	0	FLAMES_annotated_GCST011520-16_1060581_T_C_credset.cred1
UBE2I	IGF1	0.03628014324074441	0.02927758767575852	0.011117681	0.0	0.0069352970458567	0	0	0	0.03502562362700701	1.0	1.0	0.6779592316684305	0.42661060728897604	0	FLAMES_annotated_GCST011520-16_1060581_T_C_credset.cred1
UBE2I	IGF1	0.010093581447097918	0.008668488431931043	0.0033885068	0.0	0.0061469795182347	0	0	0	0.02458731923252344	1.0	1.0	0.3341888844584103	0.42321470489176477	0	FLAMES_annotated_GCST011520-16_1816262_G_T_credset.cred1
BAIAP3	IGF1	0.01175356316712571	0.011678613946620736	0.010351601	0.0	0.0066433530300855	0	0	0	0.01397146312427037	0.3655263485322702	0.545448937347562	0.6391497720874576	0.56991082033975	0	FLAMES_annotated_GCST011520-16_1060581_T_C_credset.cred1
BAIAP3	IGF1	0.0038940430033079115	0.0038993345314163744	0.003803127	0.0	0.0062788664363324	0	0	0	0.011060080851602302	0.3561179995278329	0.4836826679529679	0.3647002146135935	0.578357028403466	0	FLAMES_annotated_GCST011520-16_1816262_G_T_credset.cred1
TSR3	IGF1	0.00911520692915139	0.008733734869588294	0.0086188065	0.0	0.0065052309073507	0	0	0	0.01044841924095925	0.31219388961122035	0.4479291139007651	0.6175150270105759	0.4810422519278267	0	FLAMES_annotated_GCST011520-16_1060581_T_C_credset.cred1
TSR3	IGF1	0.006939889476387921	0.006551680818855071	0.0072913375	0.0	0.0073902634903788	0	0	0	0.018583201565962666	0.3019946954934623	0.3729114494897793	0.36806571503615226	0.48214449740255766	0	FLAMES_annotated_GCST011520-16_1816262_G_T_credset.cred1
GNPTG	IGF1	0.009706718322996138	0.008864495590405861	0.0086188065	0.0	0.0063020884990692	0	0	0	0.010604852067436426	0.35921672973450924	0.46081032661902266	0.6138034072752173	0.5185995211071099	0	FLAMES_annotated_GCST011520-16_1060581_T_C_credset.cred1
GNPTG	IGF1	0.0074034410106974865	0.006673744183144333	0.0072913375	0.0	0.0074366857297718	0	0	0	0.01892942235496674	0.3497148179862182	0.38754301441322636	0.3836343866229183	0.5228054418713833	0	FLAMES_annotated_GCST011520-16_1816262_G_T_credset.cred1
UNKL	IGF1	0.009933845343499337	0.009387279894662981	0.008385516	0.0	0.0065052309073507	0	0	0	0.011230274027804348	0.3992424632204492	0.5380365549814883	0.598196067038797	0.4633854333603574	0	FLAMES_annotated_GCST011520-16_1060581_T_C_credset.cred1
UNKL	IGF1	0.0036239753512163314	0.0034415829747294073	0.0033885068	0.0	0.0115815373137593	0	0	0	0.00976171335168285	0.3903340766231604	0.4752630605604978	0.4535845369340876	0.4630285463508231	0	FLAMES_annotated_GCST011520-16_1816262_G_T_credset.cred1
C16orf91	IGF1	0.008140302548217376	0.007669333818804397	0.0078044	0.0	0.0065052309073507	0	0	0	0.009175045525685023	0.3022214477564565	0.4219137586620123	0.5199809092984167	0.5362469126491826	0	FLAMES_annotated_GCST011520-16_1060581_T_C_credset.cred1
C16orf91	IGF1	0.0034103671577424594	0.003142972539464099	0.0036345602	0.0	0.0062791430391371	0	0	0	0.008914734070844685	0.29187437639717856	0.34336102069802166	0.4734441194922762	0.5419111868627591	0	FLAMES_annotated_GCST011520-16_1816262_G_T_credset.cred1
CCDC154	IGF1	0.011855252382760605	0.012587589275401536	0.011956532	0.0	0.0065052309073507	0	0	0	0.015058896559862887	0.2669282115445016	0.4814190779572647	0.49972954839423683	0.7120892173683515	0	FLAMES_annotated_GCST011520-16_1060581_T_C_credset.cred1
CCDC154	IGF1	0.012566429938609331	0.013292848326576451	0.014110083	0.0	0.0078361043706536	0	0	0	0.0377038635837739	0.2560577912912074	0.410952167712067	0.49414609782950397	0.732284830732489	0	FLAMES_annotated_GCST011520-16_1816262_G_T_credset.cred1
CLCN7	IGF1	0.01121185328705638	0.010462382919024425	0.009376557	0.0	0.0060647414065897	0	0	0	0.01251645082312549	0.4068402587769698	0.5349278376926793	0.4851334619880614	0.5701936311016422	0	FLAMES_annotated_GCST011520-16_1060581_T_C_credset.cred1
CLCN7	IGF1	0.010269937076464607	0.009621844260049226	0.009511291	0.0	0.0072246398776769	0	0	0	0.027291419753876594	0.39804453676724066	0.4717319179705317	0.5363665932235452	0.5786632102142253	0	FLAMES_annotated_GCST011520-16_1816262_G_T_credset.cred1
PTX4	IGF1	0.009271581459707792	0.009698584788715266	0.011173352	0.0	0.0065052309073507	0	0	0	0.011602697062552826	0.15611345973017388	0.32454339657909215	0.4284811133475822	0.6656988253926356	0	FLAMES_annotated_GCST011520-16_1060581_T_C_credset.cred1
PTX4	IGF1	0.00400520473159551	0.003991279410596794	0.0054067695	0.0	0.0062791430391371	0	0	0	0.011320873504664788	0.14359981306787525	0.232759573024039	0.5546039855254903	0.6820608077076168	0	FLAMES_annotated_GCST011520-16_1816262_G_T_credset.cred1
TELO2	IGF1	0.013707496419380658	0.012948423030885439	0.012034797	0.0	0.0090491436421871	0	0	0	0.015490572401857312	0.3679615508858552	0.5010624234572003	0.4181638341875731	0.8716510492279265	0	FLAMES_annotated_GCST011520-16_1060581_T_C_credset.cred1
TELO2	IGF1	0.00598081127689885	0.005633866873743629	0.0058224523	0.0	0.0062308190390467	0	0	0	0.01597991211801335	0.3585893124962338	0.4332647318535348	0.583830628095192	0.9050326083628458	0	FLAMES_annotated_GCST011520-16_1816262_G_T_credset.cred1
IFT140	IGF1	0.013924346414518894	0.013779734187203815	0.012034797	0.0	0.0061542401090264	0	0	0	0.01648509394511438	0.38030718736770336	0.559710177193389	0.39453148236531027	0.9134127717340069	0	FLAMES_annotated_GCST011520-16_1060581_T_C_credset.cred1
IFT140	IGF1	0.03668093523602865	0.036678891266270844	0.035138715	0.0	0.008588571101427	0	0	0	0.10403608607664934	0.371118017347327	0.49988178377048037	0.7221699788652561	0.9502454557516254	0	FLAMES_annotated_GCST011520-16_1816262_G_T_credset.cred1
TMEM204	IGF1	0.011239308132035993	0.011843648505229403	0.012034797	0.0	0.0065052309073507	0	0	0	0.01416889873267135	0.22744342180728824	0.4231222394888105	0.3692695039876049	0.8717264654310978	0	FLAMES_annotated_GCST011520-16_1060581_T_C_credset.cred1
TMEM204	IGF1	0.023890427565027322	0.024720861513351684	0.028535588	0.0	0.007467754650861	0	0	0	0.07011830476612621	0.21598749783551005	0.3447337148738563	0.6452384225016297	0.9051142568457151	0	FLAMES_annotated_GCST011520-16_1816262_G_T_credset.cred1
MAPK8IP3	IGF1	0.08325973606813857	0.08440042344985386	0.06679139	0.0	0.0156643614172935	0	0	0	0.23939354260168688	0.5232461094897184	0.6919969870873871	0.93747354754773	0.876741409048693	0	FLAMES_annotated_GCST011520-16_1816262_G_T_credset.cred1
NME3	IGF1	0.02207194148050541	0.02569417515586067	0.019695163	0.0	0.0236299484968185	0	0	0	0.07287901367514273	0.4287559802350974	0.7277882918581503	0.9393964962323542	0.7889999081454567	0	FLAMES_annotated_GCST011520-16_1816262_G_T_credset.cred1
MRPS34	IGF1	0.042743818567970264	0.04269250107374733	0.042349827	0.0	0.0251549538224935	0	0	0	0.12109310186865409	0.3451574601173143	0.46864509543698857	0.9413357756913702	0.9895081699513171	0	FLAMES_annotated_GCST011520-16_1816262_G_T_credset.cred1
EME2	IGF1	0.02363984728109524	0.023517043573958292	0.024215199	0.0	0.0175410360097885	0	0	0	0.06670379297365787	0.3203400521187365	0.4363744278825018	0.9529755351390633	0.8098406833978016	0	FLAMES_annotated_GCST011520-16_1816262_G_T_credset.cred1
SPSB3	IGF1	0.10007881697640056	0.09603078913791212	0.094363086	0.0	0.0174826718866825	0	0	0	0.27238193685389833	0.3836397133296649	0.477019547150359	0.9692954223478483	1.0	0	FLAMES_annotated_GCST011520-16_1816262_G_T_credset.cred1
NUBP2	IGF1	0.03035806521650752	0.03040489274990923	0.030516287	0.0	0.015905138105154	0	0	0	0.08624050319071852	0.33428261561215916	0.4583826741999902	0.9631591338701622	0.8098406833978016	0	FLAMES_annotated_GCST011520-16_1816262_G_T_credset.cred1
IGFALS	IGF1	0.05927929300721698	0.06621632151702991	0.0503613	0.0	0.0200133621692657	0	0	0	0.18781611676903906	0.4710914482898477	0.7367312674115519	0.9710251235355037	0.8098406833978016	1	FLAMES_annotated_GCST011520-16_1816262_G_T_credset.cred1
HAGH	IGF1	0.10591511395018177	0.10852959898960758	0.09827454	0.0	0.5021412968635559	1	1	1	0.307833587999701	0.39653180337259475	0.5527762833271245	1.0	0.9616966554740204	0	FLAMES_annotated_GCST011520-16_1816262_G_T_credset.cred1
FAHD1	IGF1	0.03574355903321359	0.035251256118441515	0.03724575	0.0	0.1262217611074447	0	0	0	0.09998673867278704	0.30790108037339736	0.41477057301719317	0.9854315883447263	0.8098406833978016	0	FLAMES_annotated_GCST011520-16_1816262_G_T_credset.cred1
MEIOB	IGF1	0.07256914959713932	0.07693896826514121	0.086109154	0.0	0.0510156899690628	0	0	0	0.2182298550676621	0.2201476970709619	0.36849627798499063	0.9758835289170383	0.9264653351159919	0	FLAMES_annotated_GCST011520-16_1816262_G_T_credset.cred1
SLC24A3	IGF1	0.014853804486866365	0.014153371312967452	0.020866692	0.0	0.0101514048874378	0	0	0	0.008411673859710152	0.0700872226239473	0.11683444190255918	0.0	0.2696364917516373	0	FLAMES_annotated_GCST011520-20_20087991_C_G_credset.cred1
RIN2	IGF1	0.07964150988871714	0.07030626534252846	0.055593967	0.0	0.0134845487773418	0	0	0	0.03810386840991918	0.5654463637864903	0.49146263220743536	0.4382805578857416	0.26751222747243636	1	FLAMES_annotated_GCST011520-20_20363699_A_G_credset.cred1
RIN2	IGF1	0.05391411783341746	0.04329100102261982	0.037372056	0.0	0.0138575285673141	0	0	0	0.025728836869348515	0.5654463637864903	0.49146263220743536	0.7656949382831033	0.26751222747243636	1	FLAMES_annotated_GCST011520-20_20087991_C_G_credset.cred1
NAA20	IGF1	0.08862134236300803	0.1363889251379207	0.043599512	0.0	0.0077389138750731	0	0	0	0.0739186704158783	0.9750564023803642	1.0	0.4871982626829632	0.717555748984498	0	FLAMES_annotated_GCST011520-20_20363699_A_G_credset.cred1
NAA20	IGF1	0.1765978092945304	0.24721036976852553	0.086275	0.0	0.0268740560859441	0	0	0	0.14692280441522598	0.9750564023803642	1.0	0.8511562672919623	0.717555748984498	0	FLAMES_annotated_GCST011520-20_20087991_C_G_credset.cred1
CRNKL1	IGF1	0.068158755924372	0.06310506645136603	0.1093616	0.0	0.0127882258966565	0	0	0	0.03420103651285171	0.013001187108238974	0.0	0.522306805798374	0.7471607394512145	0	FLAMES_annotated_GCST011520-20_20363699_A_G_credset.cred1
CRNKL1	IGF1	0.06931785884005304	0.05837518819877532	0.110444635	0.0	0.1630958914756775	0	0	0	0.03469371598958969	0.013001187108238974	0.0	0.9124923983848965	0.7471607394512145	0	FLAMES_annotated_GCST011520-20_20087991_C_G_credset.cred1
INSM1	IGF1	0.19488946994957498	0.18733211088981355	0.09830291	0.0	0.5681396722793579	1	0	0	0.10152833559742505	0.9408700024518857	0.9496300803988641	0.9977656346773498	0.5390035646190832	0	FLAMES_annotated_GCST011520-20_20363699_A_G_credset.cred1
INSM1	IGF1	0.2208561439696976	0.19309628507174972	0.11062258	0.0	0.0267937779426574	0	0	0	0.11476156017026218	0.9408700024518857	0.9496300803988641	0.23263407605450154	0.5390035646190832	0	FLAMES_annotated_GCST011520-20_20087991_C_G_credset.cred1
RALGAPA2	IGF1	0.17387075053352002	0.06990285738511429	0.05308242	0.0	0.0231664311140775	0	0	0	0.03788523350377056	1.0	0.5287976580986078	0.964162348200356	0.2810142584763326	0	FLAMES_annotated_GCST011520-20_20363699_A_G_credset.cred1
RALGAPA2	IGF1	0.09041540100795528	0.033063695433322646	0.027410878	0.0	0.0085592046380043	0	0	0	0.019650514102394878	1.0	0.5287976580986078	0.17392769288927118	0.2810142584763326	0	FLAMES_annotated_GCST011520-20_20087991_C_G_credset.cred1
